TIMESTAMP,MI_BATTERY,DEVICEID,DEVICEADDRS,FWV,MI_CONDUCTIVITY,MI_LIGHT,MI_MOISTURE,MI_TEMPERATURE
2023-07-18 11:15:54,100,GreenMiFlora,C4:7C:8D:6B:88:2E,3.3.5,0,14,3,26.6
2023-07-18 11:15:55,100,GreenMiFlora,C4:7C:8D:6B:88:2E,3.3.5,0,14,3,26.6
2023-07-18 11:15:55,100,GreenMiFlora,C4:7C:8D:6B:88:2E,3.3.5,0,55,1,26.6
2023-07-18 11:15:56,100,GreenMiFlora,C4:7C:8D:6B:88:2E,3.3.5,0,55,1,26.6
2023-07-18 11:15:56,100,GreenMiFlora,C4:7C:8D:6B:88:2E,3.3.5,0,35,1,26.6
2023-07-18 11:15:57,100,GreenMiFlora,C4:7C:8D:6B:88:2E,3.3.5,0,35,1,26.6
2023-07-18 11:15:57,100,GreenMiFlora,C4:7C:8D:6B:88:2E,3.3.5,0,16,1,26.6
2023-07-18 11:15:58,100,GreenMiFlora,C4:7C:8D:6B:88:2E,3.3.5,0,16,1,26.6
2023-07-18 11:15:58,100,GreenMiFlora,C4:7C:8D:6B:88:2E,3.3.5,0,16,1,26.6
2023-07-18 11:15:59,100,GreenMiFlora,C4:7C:8D:6B:88:2E,3.3.5,0,16,1,26.6
2023-07-18 11:16:02,081,WhiteMiFlora,5C:85:7E:B0:87:05,3.3.6,0,230,23,26.3
2023-07-18 11:16:03,081,WhiteMiFlora,5C:85:7E:B0:87:05,3.3.6,0,230,23,26.3
2023-07-18 11:16:03,081,WhiteMiFlora,5C:85:7E:B0:87:05,3.3.6,0,115,0,26.2
2023-07-18 11:16:04,081,WhiteMiFlora,5C:85:7E:B0:87:05,3.3.6,0,115,0,26.2
2023-07-18 11:16:04,081,WhiteMiFlora,5C:85:7E:B0:87:05,3.3.6,0,115,0,26.3
2023-07-18 11:16:05,081,WhiteMiFlora,5C:85:7E:B0:87:05,3.3.6,0,115,0,26.3
2023-07-18 11:16:06,081,WhiteMiFlora,5C:85:7E:B0:87:05,3.3.6,0,143,0,26.3
2023-07-18 11:16:06,081,WhiteMiFlora,5C:85:7E:B0:87:05,3.3.6,0,143,0,26.3
2023-07-18 11:16:07,081,WhiteMiFlora,5C:85:7E:B0:87:05,3.3.6,0,90,0,26.3
2023-07-18 11:16:07,081,WhiteMiFlora,5C:85:7E:B0:87:05,3.3.6,0,143,0,26.3
2023-07-18 11:16:08,081,WhiteMiFlora,5C:85:7E:B0:87:05,3.3.6,0,143,0,26.3
2023-07-18 11:16:08,081,WhiteMiFlora,5C:85:7E:B0:87:05,3.3.6,0,115,0,26.3
2023-07-18 11:16:09,081,WhiteMiFlora,5C:85:7E:B0:87:05,3.3.6,0,115,0,26.3
2023-07-18 11:16:09,081,WhiteMiFlora,5C:85:7E:B0:87:05,3.3.6,0,115,0,26.3
2023-07-18 11:16:14,100,GreenMiFlora,C4:7C:8D:6B:88:2E,3.3.5,0,115,2,26.8
2023-07-18 11:16:14,100,GreenMiFlora,C4:7C:8D:6B:88:2E,3.3.5,0,115,2,26.8
2023-07-18 11:16:15,100,GreenMiFlora,C4:7C:8D:6B:88:2E,3.3.5,0,14,1,26.6
2023-07-18 11:16:15,100,GreenMiFlora,C4:7C:8D:6B:88:2E,3.3.5,0,14,1,26.6
2023-07-18 11:16:16,100,GreenMiFlora,C4:7C:8D:6B:88:2E,3.3.5,0,14,1,26.6
2023-07-18 11:16:16,100,GreenMiFlora,C4:7C:8D:6B:88:2E,3.3.5,0,14,1,26.6
2023-07-18 11:16:17,100,GreenMiFlora,C4:7C:8D:6B:88:2E,3.3.5,0,0,1,26.6
2023-07-18 11:16:18,100,GreenMiFlora,C4:7C:8D:6B:88:2E,3.3.5,0,0,1,26.6
2023-07-18 11:16:18,100,GreenMiFlora,C4:7C:8D:6B:88:2E,3.3.5,0,14,1,26.8
2023-07-18 11:16:19,100,GreenMiFlora,C4:7C:8D:6B:88:2E,3.3.5,0,14,1,26.8
2023-07-18 11:16:19,100,GreenMiFlora,C4:7C:8D:6B:88:2E,3.3.5,0,0,1,26.8
2023-07-18 11:16:20,100,GreenMiFlora,C4:7C:8D:6B:88:2E,3.3.5,0,16,1,26.6
2023-07-18 11:16:20,100,GreenMiFlora,C4:7C:8D:6B:88:2E,3.3.5,0,16,1,26.6
2023-07-18 11:16:21,100,GreenMiFlora,C4:7C:8D:6B:88:2E,3.3.5,0,0,1,26.6
2023-07-18 11:16:24,086,WhiteMiFlora,5C:85:7E:B0:87:05,3.3.6,0,227,0,26.4
2023-07-18 11:16:25,086,WhiteMiFlora,5C:85:7E:B0:87:05,3.3.6,0,227,0,26.4
2023-07-18 11:16:25,086,WhiteMiFlora,5C:85:7E:B0:87:05,3.3.6,0,141,0,26.4
2023-07-18 11:16:26,086,WhiteMiFlora,5C:85:7E:B0:87:05,3.3.6,0,141,0,26.4
2023-07-18 11:16:27,086,WhiteMiFlora,5C:85:7E:B0:87:05,3.3.6,0,115,0,26.3
2023-07-18 11:16:27,086,WhiteMiFlora,5C:85:7E:B0:87:05,3.3.6,0,115,0,26.3
2023-07-18 11:16:28,086,WhiteMiFlora,5C:85:7E:B0:87:05,3.3.6,0,115,0,26.4
2023-07-18 11:16:28,086,WhiteMiFlora,5C:85:7E:B0:87:05,3.3.6,0,115,0,26.4
2023-07-18 11:16:29,086,WhiteMiFlora,5C:85:7E:B0:87:05,3.3.6,0,115,0,26.2
2023-07-18 11:16:29,086,WhiteMiFlora,5C:85:7E:B0:87:05,3.3.6,0,115,0,26.2
2023-07-18 11:16:30,086,WhiteMiFlora,5C:85:7E:B0:87:05,3.3.6,0,115,0,26.4
2023-07-18 11:16:30,086,WhiteMiFlora,5C:85:7E:B0:87:05,3.3.6,0,115,0,26.3
2023-07-18 11:16:31,086,WhiteMiFlora,5C:85:7E:B0:87:05,3.3.6,0,115,0,26.3
2023-07-18 11:16:31,086,WhiteMiFlora,5C:85:7E:B0:87:05,3.3.6,0,115,0,26.4
2023-07-18 11:16:38,100,GreenMiFlora,C4:7C:8D:6B:88:2E,3.3.5,0,130,1,26.8
2023-07-18 11:16:38,100,GreenMiFlora,C4:7C:8D:6B:88:2E,3.3.5,0,130,1,26.8
2023-07-18 11:16:39,100,GreenMiFlora,C4:7C:8D:6B:88:2E,3.3.5,0,0,1,26.6
2023-07-18 11:16:39,100,GreenMiFlora,C4:7C:8D:6B:88:2E,3.3.5,0,0,1,26.6
2023-07-18 11:16:40,100,GreenMiFlora,C4:7C:8D:6B:88:2E,3.3.5,0,16,1,26.8
2023-07-18 11:16:40,100,GreenMiFlora,C4:7C:8D:6B:88:2E,3.3.5,0,16,1,26.8
2023-07-18 11:16:41,100,GreenMiFlora,C4:7C:8D:6B:88:2E,3.3.5,0,16,1,26.8
2023-07-18 11:16:42,100,GreenMiFlora,C4:7C:8D:6B:88:2E,3.3.5,0,16,1,26.8
2023-07-18 11:16:42,100,GreenMiFlora,C4:7C:8D:6B:88:2E,3.3.5,0,16,1,26.6
2023-07-18 11:16:43,100,GreenMiFlora,C4:7C:8D:6B:88:2E,3.3.5,0,16,1,26.6
2023-07-18 11:16:43,100,GreenMiFlora,C4:7C:8D:6B:88:2E,3.3.5,0,16,1,26.7
2023-07-18 11:16:44,100,GreenMiFlora,C4:7C:8D:6B:88:2E,3.3.5,0,16,1,26.7
2023-07-18 11:16:44,100,GreenMiFlora,C4:7C:8D:6B:88:2E,3.3.5,0,16,1,26.7
2023-07-18 11:16:45,100,GreenMiFlora,C4:7C:8D:6B:88:2E,3.3.5,0,16,1,26.6
2023-07-18 11:16:48,086,WhiteMiFlora,5C:85:7E:B0:87:05,3.3.6,0,227,0,26.4
2023-07-18 11:16:49,086,WhiteMiFlora,5C:85:7E:B0:87:05,3.3.6,0,227,0,26.4
2023-07-18 11:16:49,086,WhiteMiFlora,5C:85:7E:B0:87:05,3.3.6,0,120,0,26.4
2023-07-18 11:16:50,086,WhiteMiFlora,5C:85:7E:B0:87:05,3.3.6,0,120,0,26.4
2023-07-18 11:16:50,086,WhiteMiFlora,5C:85:7E:B0:87:05,3.3.6,0,141,0,26.4
2023-07-18 11:16:51,086,WhiteMiFlora,5C:85:7E:B0:87:05,3.3.6,0,141,0,26.4
2023-07-18 11:16:52,086,WhiteMiFlora,5C:85:7E:B0:87:05,3.3.6,0,141,0,26.3
2023-07-18 11:16:52,086,WhiteMiFlora,5C:85:7E:B0:87:05,3.3.6,0,141,0,26.3
2023-07-18 11:16:53,086,WhiteMiFlora,5C:85:7E:B0:87:05,3.3.6,0,115,0,26.4
2023-07-18 11:16:53,086,WhiteMiFlora,5C:85:7E:B0:87:05,3.3.6,0,115,0,26.4
2023-07-18 11:16:54,086,WhiteMiFlora,5C:85:7E:B0:87:05,3.3.6,0,115,0,26.4
2023-07-18 11:16:54,086,WhiteMiFlora,5C:85:7E:B0:87:05,3.3.6,0,115,0,26.4
2023-07-18 11:16:55,086,WhiteMiFlora,5C:85:7E:B0:87:05,3.3.6,0,115,0,26.4
2023-07-18 11:16:55,086,WhiteMiFlora,5C:85:7E:B0:87:05,3.3.6,0,115,0,26.4
2023-07-18 11:16:59,100,GreenMiFlora,C4:7C:8D:6B:88:2E,3.3.5,0,131,1,26.8
2023-07-18 11:16:59,100,GreenMiFlora,C4:7C:8D:6B:88:2E,3.3.5,0,131,1,26.8
2023-07-18 11:17:00,100,GreenMiFlora,C4:7C:8D:6B:88:2E,3.3.5,0,16,1,26.6
2023-07-18 11:17:00,100,GreenMiFlora,C4:7C:8D:6B:88:2E,3.3.5,0,16,1,26.6
2023-07-18 11:17:01,100,GreenMiFlora,C4:7C:8D:6B:88:2E,3.3.5,0,0,1,26.8
2023-07-18 11:17:01,100,GreenMiFlora,C4:7C:8D:6B:88:2E,3.3.5,0,0,1,26.8
2023-07-18 11:17:02,100,GreenMiFlora,C4:7C:8D:6B:88:2E,3.3.5,0,0,1,26.7
2023-07-18 11:17:03,100,GreenMiFlora,C4:7C:8D:6B:88:2E,3.3.5,0,0,1,26.7
2023-07-18 11:17:03,100,GreenMiFlora,C4:7C:8D:6B:88:2E,3.3.5,0,16,1,26.6
2023-07-18 11:17:04,100,GreenMiFlora,C4:7C:8D:6B:88:2E,3.3.5,0,16,1,26.6
2023-07-18 11:17:04,100,GreenMiFlora,C4:7C:8D:6B:88:2E,3.3.5,0,16,1,26.7
2023-07-18 11:17:05,100,GreenMiFlora,C4:7C:8D:6B:88:2E,3.3.5,0,0,1,26.6
2023-07-18 11:17:05,100,GreenMiFlora,C4:7C:8D:6B:88:2E,3.3.5,0,0,1,26.6
2023-07-18 11:17:06,100,GreenMiFlora,C4:7C:8D:6B:88:2E,3.3.5,0,16,1,26.6
2023-07-18 11:17:09,086,WhiteMiFlora,5C:85:7E:B0:87:05,3.3.6,0,266,0,26.4
2023-07-18 11:17:10,086,WhiteMiFlora,5C:85:7E:B0:87:05,3.3.6,0,266,0,26.4
2023-07-18 11:17:10,086,WhiteMiFlora,5C:85:7E:B0:87:05,3.3.6,0,115,0,26.4
2023-07-18 11:17:11,086,WhiteMiFlora,5C:85:7E:B0:87:05,3.3.6,0,115,0,26.4
2023-07-18 11:17:12,086,WhiteMiFlora,5C:85:7E:B0:87:05,3.3.6,0,115,0,26.3
2023-07-18 11:17:12,086,WhiteMiFlora,5C:85:7E:B0:87:05,3.3.6,0,115,0,26.3
2023-07-18 11:17:13,086,WhiteMiFlora,5C:85:7E:B0:87:05,3.3.6,0,115,0,26.3
2023-07-18 11:17:13,086,WhiteMiFlora,5C:85:7E:B0:87:05,3.3.6,0,115,0,26.3
2023-07-18 11:17:14,086,WhiteMiFlora,5C:85:7E:B0:87:05,3.3.6,0,141,0,26.4
2023-07-18 11:17:14,086,WhiteMiFlora,5C:85:7E:B0:87:05,3.3.6,0,141,0,26.4
2023-07-18 11:17:15,086,WhiteMiFlora,5C:85:7E:B0:87:05,3.3.6,0,115,0,26.4
2023-07-18 11:17:15,086,WhiteMiFlora,5C:85:7E:B0:87:05,3.3.6,0,115,0,26.3
2023-07-18 11:17:16,086,WhiteMiFlora,5C:85:7E:B0:87:05,3.3.6,0,115,0,26.3
2023-07-18 11:17:16,086,WhiteMiFlora,5C:85:7E:B0:87:05,3.3.6,0,115,0,26.4
2023-07-18 11:17:22,100,GreenMiFlora,C4:7C:8D:6B:88:2E,3.3.5,0,110,1,26.8
2023-07-18 11:17:22,100,GreenMiFlora,C4:7C:8D:6B:88:2E,3.3.5,0,110,1,26.8
2023-07-18 11:17:23,100,GreenMiFlora,C4:7C:8D:6B:88:2E,3.3.5,0,0,1,26.6
2023-07-18 11:17:23,100,GreenMiFlora,C4:7C:8D:6B:88:2E,3.3.5,0,0,1,26.6
2023-07-18 11:17:24,100,GreenMiFlora,C4:7C:8D:6B:88:2E,3.3.5,0,16,1,26.8
2023-07-18 11:17:24,100,GreenMiFlora,C4:7C:8D:6B:88:2E,3.3.5,0,16,1,26.8
2023-07-18 11:17:25,100,GreenMiFlora,C4:7C:8D:6B:88:2E,3.3.5,0,0,1,26.8
2023-07-18 11:17:26,100,GreenMiFlora,C4:7C:8D:6B:88:2E,3.3.5,0,0,1,26.8
2023-07-18 11:17:26,100,GreenMiFlora,C4:7C:8D:6B:88:2E,3.3.5,0,16,1,26.8
2023-07-18 11:17:27,100,GreenMiFlora,C4:7C:8D:6B:88:2E,3.3.5,0,16,1,26.8
2023-07-18 11:17:27,100,GreenMiFlora,C4:7C:8D:6B:88:2E,3.3.5,0,16,1,26.8
2023-07-18 11:17:28,100,GreenMiFlora,C4:7C:8D:6B:88:2E,3.3.5,0,16,1,26.6
2023-07-18 11:17:28,100,GreenMiFlora,C4:7C:8D:6B:88:2E,3.3.5,0,16,1,26.6
2023-07-18 11:17:29,100,GreenMiFlora,C4:7C:8D:6B:88:2E,3.3.5,0,16,1,26.8
2023-07-18 11:17:32,086,WhiteMiFlora,5C:85:7E:B0:87:05,3.3.6,0,263,0,26.3
2023-07-18 11:17:33,086,WhiteMiFlora,5C:85:7E:B0:87:05,3.3.6,0,263,0,26.3
2023-07-18 11:17:33,086,WhiteMiFlora,5C:85:7E:B0:87:05,3.3.6,0,141,0,26.4
2023-07-18 11:17:34,086,WhiteMiFlora,5C:85:7E:B0:87:05,3.3.6,0,141,0,26.4
2023-07-18 11:17:35,086,WhiteMiFlora,5C:85:7E:B0:87:05,3.3.6,0,115,0,26.3
2023-07-18 11:17:35,086,WhiteMiFlora,5C:85:7E:B0:87:05,3.3.6,0,115,0,26.3
2023-07-18 11:17:36,086,WhiteMiFlora,5C:85:7E:B0:87:05,3.3.6,0,115,0,26.4
2023-07-18 11:17:36,086,WhiteMiFlora,5C:85:7E:B0:87:05,3.3.6,0,115,0,26.4
2023-07-18 11:17:37,086,WhiteMiFlora,5C:85:7E:B0:87:05,3.3.6,0,141,0,26.4
2023-07-18 11:17:37,086,WhiteMiFlora,5C:85:7E:B0:87:05,3.3.6,0,141,0,26.4
2023-07-18 11:17:38,086,WhiteMiFlora,5C:85:7E:B0:87:05,3.3.6,0,141,0,26.4
2023-07-18 11:17:38,086,WhiteMiFlora,5C:85:7E:B0:87:05,3.3.6,0,141,0,26.4
2023-07-18 11:17:39,086,WhiteMiFlora,5C:85:7E:B0:87:05,3.3.6,0,141,0,26.4
2023-07-18 11:17:39,086,WhiteMiFlora,5C:85:7E:B0:87:05,3.3.6,0,141,0,26.4
2023-07-18 11:17:43,100,GreenMiFlora,C4:7C:8D:6B:88:2E,3.3.5,0,115,1,26.8
2023-07-18 11:17:43,100,GreenMiFlora,C4:7C:8D:6B:88:2E,3.3.5,0,115,1,26.8
2023-07-18 11:17:44,100,GreenMiFlora,C4:7C:8D:6B:88:2E,3.3.5,0,16,1,26.7
2023-07-18 11:17:44,100,GreenMiFlora,C4:7C:8D:6B:88:2E,3.3.5,0,16,1,26.7
2023-07-18 11:17:45,100,GreenMiFlora,C4:7C:8D:6B:88:2E,3.3.5,0,16,1,26.6
2023-07-18 11:17:46,100,GreenMiFlora,C4:7C:8D:6B:88:2E,3.3.5,0,16,1,26.6
2023-07-18 11:17:46,100,GreenMiFlora,C4:7C:8D:6B:88:2E,3.3.5,0,16,1,26.7
2023-07-18 11:17:47,100,GreenMiFlora,C4:7C:8D:6B:88:2E,3.3.5,0,16,1,26.7
2023-07-18 11:17:47,100,GreenMiFlora,C4:7C:8D:6B:88:2E,3.3.5,0,16,1,26.7
2023-07-18 11:17:48,100,GreenMiFlora,C4:7C:8D:6B:88:2E,3.3.5,0,16,1,26.7
2023-07-18 11:17:48,100,GreenMiFlora,C4:7C:8D:6B:88:2E,3.3.5,0,16,1,26.7
2023-07-18 11:17:49,100,GreenMiFlora,C4:7C:8D:6B:88:2E,3.3.5,0,16,1,26.7
2023-07-18 11:17:49,100,GreenMiFlora,C4:7C:8D:6B:88:2E,3.3.5,0,16,1,26.7
2023-07-18 11:17:50,100,GreenMiFlora,C4:7C:8D:6B:88:2E,3.3.5,216,16,9,26.7
2023-07-18 11:17:56,081,WhiteMiFlora,5C:85:7E:B0:87:05,3.3.6,978,227,0,26.4
2023-07-18 11:17:57,081,WhiteMiFlora,5C:85:7E:B0:87:05,3.3.6,978,227,0,26.4
2023-07-18 11:17:57,081,WhiteMiFlora,5C:85:7E:B0:87:05,3.3.6,978,120,5,26.4
2023-07-18 11:17:58,081,WhiteMiFlora,5C:85:7E:B0:87:05,3.3.6,978,120,5,26.4
2023-07-18 11:17:58,081,WhiteMiFlora,5C:85:7E:B0:87:05,3.3.6,978,141,5,26.4
2023-07-18 11:17:59,081,WhiteMiFlora,5C:85:7E:B0:87:05,3.3.6,978,141,5,26.4
2023-07-18 11:18:00,081,WhiteMiFlora,5C:85:7E:B0:87:05,3.3.6,978,115,5,26.4
2023-07-18 11:18:00,081,WhiteMiFlora,5C:85:7E:B0:87:05,3.3.6,978,115,5,26.4
2023-07-18 11:18:01,081,WhiteMiFlora,5C:85:7E:B0:87:05,3.3.6,978,115,5,26.4
2023-07-18 11:18:02,081,WhiteMiFlora,5C:85:7E:B0:87:05,3.3.6,980,115,5,26.3
2023-07-18 11:18:02,081,WhiteMiFlora,5C:85:7E:B0:87:05,3.3.6,980,115,5,26.3
2023-07-18 11:18:03,081,WhiteMiFlora,5C:85:7E:B0:87:05,3.3.6,984,115,5,26.3
2023-07-18 11:18:03,081,WhiteMiFlora,5C:85:7E:B0:87:05,3.3.6,984,115,5,26.3
2023-07-18 11:18:07,100,GreenMiFlora,C4:7C:8D:6B:88:2E,3.3.5,881,132,9,26.8
2023-07-18 11:18:07,100,GreenMiFlora,C4:7C:8D:6B:88:2E,3.3.5,881,132,9,26.8
2023-07-18 11:18:08,100,GreenMiFlora,C4:7C:8D:6B:88:2E,3.3.5,893,35,18,26.6
2023-07-18 11:18:08,100,GreenMiFlora,C4:7C:8D:6B:88:2E,3.3.5,893,35,18,26.6
2023-07-18 11:18:09,100,GreenMiFlora,C4:7C:8D:6B:88:2E,3.3.5,886,16,18,26.7
2023-07-18 11:18:10,100,GreenMiFlora,C4:7C:8D:6B:88:2E,3.3.5,886,16,18,26.7
2023-07-18 11:18:10,100,GreenMiFlora,C4:7C:8D:6B:88:2E,3.3.5,886,16,18,26.7
2023-07-18 11:18:11,100,GreenMiFlora,C4:7C:8D:6B:88:2E,3.3.5,886,16,18,26.7
2023-07-18 11:18:11,100,GreenMiFlora,C4:7C:8D:6B:88:2E,3.3.5,886,16,18,26.7
2023-07-18 11:18:12,100,GreenMiFlora,C4:7C:8D:6B:88:2E,3.3.5,886,16,18,26.7
2023-07-18 11:18:12,100,GreenMiFlora,C4:7C:8D:6B:88:2E,3.3.5,886,16,18,26.7
2023-07-18 11:18:13,100,GreenMiFlora,C4:7C:8D:6B:88:2E,3.3.5,889,16,18,26.8
2023-07-18 11:18:13,100,GreenMiFlora,C4:7C:8D:6B:88:2E,3.3.5,889,16,18,26.8
2023-07-18 11:18:14,100,GreenMiFlora,C4:7C:8D:6B:88:2E,3.3.5,885,16,18,26.8
2023-07-18 11:18:17,086,WhiteMiFlora,5C:85:7E:B0:87:05,3.3.6,982,263,5,26.4
2023-07-18 11:18:18,086,WhiteMiFlora,5C:85:7E:B0:87:05,3.3.6,982,263,5,26.4
2023-07-18 11:18:19,086,WhiteMiFlora,5C:85:7E:B0:87:05,3.3.6,982,141,5,26.4
2023-07-18 11:18:19,086,WhiteMiFlora,5C:85:7E:B0:87:05,3.3.6,982,141,5,26.4
2023-07-18 11:18:20,086,WhiteMiFlora,5C:85:7E:B0:87:05,3.3.6,988,141,5,26.3
2023-07-18 11:18:20,086,WhiteMiFlora,5C:85:7E:B0:87:05,3.3.6,988,141,5,26.3
2023-07-18 11:18:21,086,WhiteMiFlora,5C:85:7E:B0:87:05,3.3.6,986,115,5,26.4
2023-07-18 11:18:21,086,WhiteMiFlora,5C:85:7E:B0:87:05,3.3.6,986,115,5,26.4
2023-07-18 11:18:22,086,WhiteMiFlora,5C:85:7E:B0:87:05,3.3.6,982,115,5,26.4
2023-07-18 11:18:22,086,WhiteMiFlora,5C:85:7E:B0:87:05,3.3.6,984,115,5,26.3
2023-07-18 11:18:23,086,WhiteMiFlora,5C:85:7E:B0:87:05,3.3.6,984,115,5,26.3
2023-07-18 11:18:24,086,WhiteMiFlora,5C:85:7E:B0:87:05,3.3.6,986,115,5,26.4
2023-07-18 11:18:24,086,WhiteMiFlora,5C:85:7E:B0:87:05,3.3.6,986,115,5,26.4
2023-07-18 11:18:25,086,WhiteMiFlora,5C:85:7E:B0:87:05,3.3.6,988,115,5,26.3
2023-07-18 11:18:32,100,GreenMiFlora,C4:7C:8D:6B:88:2E,3.3.5,889,132,18,26.8
2023-07-18 11:18:32,100,GreenMiFlora,C4:7C:8D:6B:88:2E,3.3.5,889,132,18,26.8
2023-07-18 11:18:33,100,GreenMiFlora,C4:7C:8D:6B:88:2E,3.3.5,896,0,18,26.6
2023-07-18 11:18:33,100,GreenMiFlora,C4:7C:8D:6B:88:2E,3.3.5,896,0,18,26.6
2023-07-18 11:18:34,100,GreenMiFlora,C4:7C:8D:6B:88:2E,3.3.5,893,16,18,26.8
2023-07-18 11:18:35,100,GreenMiFlora,C4:7C:8D:6B:88:2E,3.3.5,893,16,18,26.8
2023-07-18 11:18:35,100,GreenMiFlora,C4:7C:8D:6B:88:2E,3.3.5,900,0,18,26.6
2023-07-18 11:18:36,100,GreenMiFlora,C4:7C:8D:6B:88:2E,3.3.5,900,0,18,26.6
2023-07-18 11:18:36,100,GreenMiFlora,C4:7C:8D:6B:88:2E,3.3.5,896,16,18,26.6
2023-07-18 11:18:37,100,GreenMiFlora,C4:7C:8D:6B:88:2E,3.3.5,896,16,18,26.6
2023-07-18 11:18:37,100,GreenMiFlora,C4:7C:8D:6B:88:2E,3.3.5,900,35,18,26.6
2023-07-18 11:18:38,100,GreenMiFlora,C4:7C:8D:6B:88:2E,3.3.5,896,0,18,26.6
2023-07-18 11:18:38,100,GreenMiFlora,C4:7C:8D:6B:88:2E,3.3.5,896,0,18,26.6
2023-07-18 11:18:39,100,GreenMiFlora,C4:7C:8D:6B:88:2E,3.3.5,897,14,18,26.8
2023-07-18 11:18:42,086,WhiteMiFlora,5C:85:7E:B0:87:05,3.3.6,986,263,5,26.4
2023-07-18 11:18:43,086,WhiteMiFlora,5C:85:7E:B0:87:05,3.3.6,986,263,5,26.4
2023-07-18 11:18:43,086,WhiteMiFlora,5C:85:7E:B0:87:05,3.3.6,982,120,5,26.4
2023-07-18 11:18:44,086,WhiteMiFlora,5C:85:7E:B0:87:05,3.3.6,982,120,5,26.4
2023-07-18 11:18:44,086,WhiteMiFlora,5C:85:7E:B0:87:05,3.3.6,991,141,5,26.4
2023-07-18 11:18:45,086,WhiteMiFlora,5C:85:7E:B0:87:05,3.3.6,991,141,5,26.4
2023-07-18 11:18:46,086,WhiteMiFlora,5C:85:7E:B0:87:05,3.3.6,986,141,5,26.4
2023-07-18 11:18:46,086,WhiteMiFlora,5C:85:7E:B0:87:05,3.3.6,986,141,5,26.4
2023-07-18 11:18:47,086,WhiteMiFlora,5C:85:7E:B0:87:05,3.3.6,1000,141,5,26.3
2023-07-18 11:18:47,086,WhiteMiFlora,5C:85:7E:B0:87:05,3.3.6,1000,141,5,26.3
2023-07-18 11:18:48,086,WhiteMiFlora,5C:85:7E:B0:87:05,3.3.6,986,141,5,26.4
2023-07-18 11:18:48,086,WhiteMiFlora,5C:85:7E:B0:87:05,3.3.6,993,141,5,26.3
2023-07-18 11:18:49,086,WhiteMiFlora,5C:85:7E:B0:87:05,3.3.6,993,141,5,26.3
2023-07-18 11:18:49,086,WhiteMiFlora,5C:85:7E:B0:87:05,3.3.6,986,141,5,26.4
2023-07-18 11:18:55,100,GreenMiFlora,C4:7C:8D:6B:88:2E,3.3.5,897,14,18,26.8
2023-07-18 11:18:55,100,GreenMiFlora,C4:7C:8D:6B:88:2E,3.3.5,897,14,18,26.8
2023-07-18 11:18:57,100,GreenMiFlora,C4:7C:8D:6B:88:2E,3.3.5,904,14,18,26.6
2023-07-18 11:18:58,100,GreenMiFlora,C4:7C:8D:6B:88:2E,3.3.5,904,14,18,26.6
2023-07-18 11:18:58,100,GreenMiFlora,C4:7C:8D:6B:88:2E,3.3.5,900,14,18,26.6
2023-07-18 11:18:59,100,GreenMiFlora,C4:7C:8D:6B:88:2E,3.3.5,904,14,18,26.6
2023-07-18 11:18:59,100,GreenMiFlora,C4:7C:8D:6B:88:2E,3.3.5,904,14,18,26.6
2023-07-18 11:19:00,100,GreenMiFlora,C4:7C:8D:6B:88:2E,3.3.5,897,35,18,26.8
2023-07-18 11:19:00,100,GreenMiFlora,C4:7C:8D:6B:88:2E,3.3.5,897,35,18,26.8
2023-07-18 11:19:01,100,GreenMiFlora,C4:7C:8D:6B:88:2E,3.3.5,896,16,18,26.6
2023-07-18 11:19:06,086,WhiteMiFlora,5C:85:7E:B0:87:05,3.3.6,986,299,5,26.4
2023-07-18 11:19:07,086,WhiteMiFlora,5C:85:7E:B0:87:05,3.3.6,986,299,5,26.4
2023-07-18 11:19:07,086,WhiteMiFlora,5C:85:7E:B0:87:05,3.3.6,991,141,5,26.4
2023-07-18 11:19:08,086,WhiteMiFlora,5C:85:7E:B0:87:05,3.3.6,991,141,5,26.4
2023-07-18 11:19:09,086,WhiteMiFlora,5C:85:7E:B0:87:05,3.3.6,993,141,5,26.3
2023-07-18 11:19:09,086,WhiteMiFlora,5C:85:7E:B0:87:05,3.3.6,993,141,5,26.3
2023-07-18 11:19:10,086,WhiteMiFlora,5C:85:7E:B0:87:05,3.3.6,991,141,5,26.4
2023-07-18 11:19:10,086,WhiteMiFlora,5C:85:7E:B0:87:05,3.3.6,991,141,5,26.4
2023-07-18 11:19:11,086,WhiteMiFlora,5C:85:7E:B0:87:05,3.3.6,991,141,5,26.4
2023-07-18 11:19:11,086,WhiteMiFlora,5C:85:7E:B0:87:05,3.3.6,991,141,5,26.4
2023-07-18 11:19:12,086,WhiteMiFlora,5C:85:7E:B0:87:05,3.3.6,991,141,5,26.4
2023-07-18 11:19:12,086,WhiteMiFlora,5C:85:7E:B0:87:05,3.3.6,991,141,5,26.4
2023-07-18 11:19:13,086,WhiteMiFlora,5C:85:7E:B0:87:05,3.3.6,991,141,5,26.4
2023-07-18 11:19:13,086,WhiteMiFlora,5C:85:7E:B0:87:05,3.3.6,991,141,5,26.4
2023-07-18 11:19:18,100,GreenMiFlora,C4:7C:8D:6B:88:2E,3.3.5,902,95,18,26.7
2023-07-18 11:19:19,100,GreenMiFlora,C4:7C:8D:6B:88:2E,3.3.5,902,95,18,26.7
2023-07-18 11:19:19,100,GreenMiFlora,C4:7C:8D:6B:88:2E,3.3.5,901,14,18,26.8
2023-07-18 11:19:20,100,GreenMiFlora,C4:7C:8D:6B:88:2E,3.3.5,901,14,18,26.8
2023-07-18 11:19:20,100,GreenMiFlora,C4:7C:8D:6B:88:2E,3.3.5,904,14,18,26.6
2023-07-18 11:19:21,100,GreenMiFlora,C4:7C:8D:6B:88:2E,3.3.5,904,14,18,26.6
2023-07-18 11:19:21,100,GreenMiFlora,C4:7C:8D:6B:88:2E,3.3.5,904,14,18,26.6
2023-07-18 11:19:22,100,GreenMiFlora,C4:7C:8D:6B:88:2E,3.3.5,904,14,18,26.6
2023-07-18 11:19:22,100,GreenMiFlora,C4:7C:8D:6B:88:2E,3.3.5,897,35,18,26.8
2023-07-18 11:19:23,100,GreenMiFlora,C4:7C:8D:6B:88:2E,3.3.5,897,35,18,26.8
2023-07-18 11:19:24,100,GreenMiFlora,C4:7C:8D:6B:88:2E,3.3.5,904,14,18,26.6
2023-07-18 11:19:24,100,GreenMiFlora,C4:7C:8D:6B:88:2E,3.3.5,904,35,18,26.6
2023-07-18 11:19:25,100,GreenMiFlora,C4:7C:8D:6B:88:2E,3.3.5,904,35,18,26.6
2023-07-18 11:19:29,086,WhiteMiFlora,5C:85:7E:B0:87:05,3.3.6,991,299,5,26.4
2023-07-18 11:19:30,086,WhiteMiFlora,5C:85:7E:B0:87:05,3.3.6,991,299,5,26.4
2023-07-18 11:19:30,086,WhiteMiFlora,5C:85:7E:B0:87:05,3.3.6,994,141,5,26.2
2023-07-18 11:19:31,086,WhiteMiFlora,5C:85:7E:B0:87:05,3.3.6,994,141,5,26.2
2023-07-18 11:19:32,086,WhiteMiFlora,5C:85:7E:B0:87:05,3.3.6,1002,141,5,26.2
2023-07-18 11:19:32,086,WhiteMiFlora,5C:85:7E:B0:87:05,3.3.6,1002,141,5,26.2
2023-07-18 11:19:33,086,WhiteMiFlora,5C:85:7E:B0:87:05,3.3.6,1002,141,5,26.2
2023-07-18 11:19:33,086,WhiteMiFlora,5C:85:7E:B0:87:05,3.3.6,1002,141,5,26.2
2023-07-18 11:19:34,086,WhiteMiFlora,5C:85:7E:B0:87:05,3.3.6,994,141,5,26.2
2023-07-18 11:19:34,086,WhiteMiFlora,5C:85:7E:B0:87:05,3.3.6,994,141,5,26.2
2023-07-18 11:19:35,086,WhiteMiFlora,5C:85:7E:B0:87:05,3.3.6,1002,141,5,26.2
2023-07-18 11:19:35,086,WhiteMiFlora,5C:85:7E:B0:87:05,3.3.6,1011,141,5,26.2
2023-07-18 11:19:36,086,WhiteMiFlora,5C:85:7E:B0:87:05,3.3.6,1011,141,5,26.2
2023-07-18 11:19:36,086,WhiteMiFlora,5C:85:7E:B0:87:05,3.3.6,1002,141,5,26.2
2023-07-18 11:19:42,100,GreenMiFlora,C4:7C:8D:6B:88:2E,3.3.5,897,132,18,26.8
2023-07-18 11:19:42,100,GreenMiFlora,C4:7C:8D:6B:88:2E,3.3.5,897,132,18,26.8
2023-07-18 11:19:43,100,GreenMiFlora,C4:7C:8D:6B:88:2E,3.3.5,900,14,18,26.6
2023-07-18 11:19:43,100,GreenMiFlora,C4:7C:8D:6B:88:2E,3.3.5,900,14,18,26.6
2023-07-18 11:19:44,100,GreenMiFlora,C4:7C:8D:6B:88:2E,3.3.5,904,14,18,26.6
2023-07-18 11:19:45,100,GreenMiFlora,C4:7C:8D:6B:88:2E,3.3.5,904,14,18,26.6
2023-07-18 11:19:45,100,GreenMiFlora,C4:7C:8D:6B:88:2E,3.3.5,904,16,19,26.6
2023-07-18 11:19:46,100,GreenMiFlora,C4:7C:8D:6B:88:2E,3.3.5,904,16,19,26.6
2023-07-18 11:19:46,100,GreenMiFlora,C4:7C:8D:6B:88:2E,3.3.5,900,0,18,26.6
2023-07-18 11:19:47,100,GreenMiFlora,C4:7C:8D:6B:88:2E,3.3.5,900,0,18,26.6
2023-07-18 11:19:47,100,GreenMiFlora,C4:7C:8D:6B:88:2E,3.3.5,904,35,18,26.6
2023-07-18 11:19:48,100,GreenMiFlora,C4:7C:8D:6B:88:2E,3.3.5,909,35,18,26.6
2023-07-18 11:19:48,100,GreenMiFlora,C4:7C:8D:6B:88:2E,3.3.5,909,35,18,26.6
2023-07-18 11:19:49,100,GreenMiFlora,C4:7C:8D:6B:88:2E,3.3.5,904,14,18,26.6
2023-07-18 11:19:53,086,WhiteMiFlora,5C:85:7E:B0:87:05,3.3.6,1000,263,5,26.3
2023-07-18 11:19:54,086,WhiteMiFlora,5C:85:7E:B0:87:05,3.3.6,1000,263,5,26.3
2023-07-18 11:19:54,086,WhiteMiFlora,5C:85:7E:B0:87:05,3.3.6,1002,141,5,26.2
2023-07-18 11:19:55,086,WhiteMiFlora,5C:85:7E:B0:87:05,3.3.6,1002,141,5,26.2
2023-07-18 11:19:55,086,WhiteMiFlora,5C:85:7E:B0:87:05,3.3.6,1002,141,5,26.2
2023-07-18 11:19:56,086,WhiteMiFlora,5C:85:7E:B0:87:05,3.3.6,1002,141,5,26.2
2023-07-18 11:19:56,086,WhiteMiFlora,5C:85:7E:B0:87:05,3.3.6,1011,141,5,26.2
2023-07-18 11:19:57,086,WhiteMiFlora,5C:85:7E:B0:87:05,3.3.6,1011,141,5,26.2
2023-07-18 11:19:58,086,WhiteMiFlora,5C:85:7E:B0:87:05,3.3.6,1011,141,5,26.2
2023-07-18 11:19:58,086,WhiteMiFlora,5C:85:7E:B0:87:05,3.3.6,1011,141,5,26.2
2023-07-18 11:19:59,086,WhiteMiFlora,5C:85:7E:B0:87:05,3.3.6,1002,141,5,26.2
2023-07-18 11:19:59,086,WhiteMiFlora,5C:85:7E:B0:87:05,3.3.6,1002,141,5,26.2
2023-07-18 11:20:00,086,WhiteMiFlora,5C:85:7E:B0:87:05,3.3.6,948,115,5,26.2
2023-07-18 11:20:06,100,GreenMiFlora,C4:7C:8D:6B:88:2E,3.3.5,0,17,18,26.6
2023-07-18 11:20:06,100,GreenMiFlora,C4:7C:8D:6B:88:2E,3.3.5,0,17,18,26.6
2023-07-18 11:20:07,100,GreenMiFlora,C4:7C:8D:6B:88:2E,3.3.5,0,14,1,26.6
2023-07-18 11:20:07,100,GreenMiFlora,C4:7C:8D:6B:88:2E,3.3.5,0,14,1,26.6
2023-07-18 11:20:08,100,GreenMiFlora,C4:7C:8D:6B:88:2E,3.3.5,0,14,1,26.8
2023-07-18 11:20:08,100,GreenMiFlora,C4:7C:8D:6B:88:2E,3.3.5,0,14,1,26.8
2023-07-18 11:20:09,100,GreenMiFlora,C4:7C:8D:6B:88:2E,3.3.5,0,0,1,26.6
2023-07-18 11:20:09,100,GreenMiFlora,C4:7C:8D:6B:88:2E,3.3.5,0,0,1,26.6
2023-07-18 11:20:10,100,GreenMiFlora,C4:7C:8D:6B:88:2E,3.3.5,0,0,1,26.8
2023-07-18 11:20:11,100,GreenMiFlora,C4:7C:8D:6B:88:2E,3.3.5,0,0,1,26.6
2023-07-18 11:20:11,100,GreenMiFlora,C4:7C:8D:6B:88:2E,3.3.5,0,0,1,26.6
2023-07-18 11:20:12,100,GreenMiFlora,C4:7C:8D:6B:88:2E,3.3.5,0,0,1,26.8
2023-07-18 11:20:15,077,WhiteMiFlora,5C:85:7E:B0:87:05,3.3.6,0,230,0,26.3
2023-07-18 11:20:16,077,WhiteMiFlora,5C:85:7E:B0:87:05,3.3.6,0,230,0,26.3
2023-07-18 11:20:16,077,WhiteMiFlora,5C:85:7E:B0:87:05,3.3.6,0,117,0,26.3
2023-07-18 11:20:17,077,WhiteMiFlora,5C:85:7E:B0:87:05,3.3.6,0,117,0,26.3
2023-07-18 11:20:17,077,WhiteMiFlora,5C:85:7E:B0:87:05,3.3.6,0,117,0,26.3
2023-07-18 11:20:18,077,WhiteMiFlora,5C:85:7E:B0:87:05,3.3.6,0,117,0,26.3
2023-07-18 11:20:19,077,WhiteMiFlora,5C:85:7E:B0:87:05,3.3.6,0,145,0,26.3
2023-07-18 11:20:19,077,WhiteMiFlora,5C:85:7E:B0:87:05,3.3.6,0,145,0,26.3
2023-07-18 11:20:20,077,WhiteMiFlora,5C:85:7E:B0:87:05,3.3.6,0,145,0,26.3
2023-07-18 11:20:20,077,WhiteMiFlora,5C:85:7E:B0:87:05,3.3.6,0,145,0,26.3
2023-07-18 11:20:21,077,WhiteMiFlora,5C:85:7E:B0:87:05,3.3.6,0,145,0,26.2
2023-07-18 11:20:21,077,WhiteMiFlora,5C:85:7E:B0:87:05,3.3.6,0,145,0,26.4
2023-07-18 11:20:22,077,WhiteMiFlora,5C:85:7E:B0:87:05,3.3.6,0,145,0,26.4
2023-07-18 11:20:22,077,WhiteMiFlora,5C:85:7E:B0:87:05,3.3.6,0,145,0,26.4
2023-07-18 11:20:27,100,GreenMiFlora,C4:7C:8D:6B:88:2E,3.3.5,0,115,1,26.8
2023-07-18 11:20:27,100,GreenMiFlora,C4:7C:8D:6B:88:2E,3.3.5,0,115,1,26.8
2023-07-18 11:20:28,100,GreenMiFlora,C4:7C:8D:6B:88:2E,3.3.5,0,14,1,26.6
2023-07-18 11:20:28,100,GreenMiFlora,C4:7C:8D:6B:88:2E,3.3.5,0,14,1,26.6
2023-07-18 11:20:29,100,GreenMiFlora,C4:7C:8D:6B:88:2E,3.3.5,0,16,1,26.6
2023-07-18 11:20:30,100,GreenMiFlora,C4:7C:8D:6B:88:2E,3.3.5,0,16,1,26.6
2023-07-18 11:20:30,100,GreenMiFlora,C4:7C:8D:6B:88:2E,3.3.5,0,14,1,26.6
2023-07-18 11:20:31,100,GreenMiFlora,C4:7C:8D:6B:88:2E,3.3.5,0,14,1,26.6
2023-07-18 11:20:31,100,GreenMiFlora,C4:7C:8D:6B:88:2E,3.3.5,0,0,1,26.6
2023-07-18 11:20:32,100,GreenMiFlora,C4:7C:8D:6B:88:2E,3.3.5,0,0,1,26.6
2023-07-18 11:20:32,100,GreenMiFlora,C4:7C:8D:6B:88:2E,3.3.5,0,0,1,26.6
2023-07-18 11:20:33,100,GreenMiFlora,C4:7C:8D:6B:88:2E,3.3.5,0,16,1,26.7
2023-07-18 11:20:33,100,GreenMiFlora,C4:7C:8D:6B:88:2E,3.3.5,0,16,1,26.7
2023-07-18 11:20:34,100,GreenMiFlora,C4:7C:8D:6B:88:2E,3.3.5,0,16,1,26.6
2023-07-18 11:20:37,081,WhiteMiFlora,5C:85:7E:B0:87:05,3.3.6,0,269,0,26.3
2023-07-18 11:20:38,081,WhiteMiFlora,5C:85:7E:B0:87:05,3.3.6,0,269,0,26.3
2023-07-18 11:20:38,081,WhiteMiFlora,5C:85:7E:B0:87:05,3.3.6,0,145,0,26.3
2023-07-18 11:20:39,081,WhiteMiFlora,5C:85:7E:B0:87:05,3.3.6,0,145,0,26.3
2023-07-18 11:20:39,081,WhiteMiFlora,5C:85:7E:B0:87:05,3.3.6,0,120,0,26.3
2023-07-18 11:20:40,081,WhiteMiFlora,5C:85:7E:B0:87:05,3.3.6,0,120,0,26.3
2023-07-18 11:20:41,081,WhiteMiFlora,5C:85:7E:B0:87:05,3.3.6,0,120,0,26.4
2023-07-18 11:20:41,081,WhiteMiFlora,5C:85:7E:B0:87:05,3.3.6,0,120,0,26.4
2023-07-18 11:20:42,081,WhiteMiFlora,5C:85:7E:B0:87:05,3.3.6,0,120,0,26.4
2023-07-18 11:20:42,081,WhiteMiFlora,5C:85:7E:B0:87:05,3.3.6,0,120,0,26.4
2023-07-18 11:20:43,081,WhiteMiFlora,5C:85:7E:B0:87:05,3.3.6,0,120,0,26.4
2023-07-18 11:20:43,081,WhiteMiFlora,5C:85:7E:B0:87:05,3.3.6,0,120,0,26.4
2023-07-18 11:20:44,081,WhiteMiFlora,5C:85:7E:B0:87:05,3.3.6,0,120,0,26.4
2023-07-18 11:20:44,081,WhiteMiFlora,5C:85:7E:B0:87:05,3.3.6,0,120,0,26.4
2023-07-18 11:20:48,100,GreenMiFlora,C4:7C:8D:6B:88:2E,3.3.5,0,115,1,26.8
2023-07-18 11:20:48,100,GreenMiFlora,C4:7C:8D:6B:88:2E,3.3.5,0,115,1,26.8
2023-07-18 11:20:49,100,GreenMiFlora,C4:7C:8D:6B:88:2E,3.3.5,0,0,1,26.6
2023-07-18 11:20:49,100,GreenMiFlora,C4:7C:8D:6B:88:2E,3.3.5,0,0,1,26.6
2023-07-18 11:20:50,100,GreenMiFlora,C4:7C:8D:6B:88:2E,3.3.5,0,16,1,26.7
2023-07-18 11:20:50,100,GreenMiFlora,C4:7C:8D:6B:88:2E,3.3.5,0,16,1,26.7
2023-07-18 11:20:51,100,GreenMiFlora,C4:7C:8D:6B:88:2E,3.3.5,0,16,1,26.6
2023-07-18 11:20:52,100,GreenMiFlora,C4:7C:8D:6B:88:2E,3.3.5,0,16,1,26.6
2023-07-18 11:20:52,100,GreenMiFlora,C4:7C:8D:6B:88:2E,3.3.5,0,16,1,26.8
2023-07-18 11:20:53,100,GreenMiFlora,C4:7C:8D:6B:88:2E,3.3.5,0,16,1,26.8
2023-07-18 11:20:53,100,GreenMiFlora,C4:7C:8D:6B:88:2E,3.3.5,0,0,1,26.6
2023-07-18 11:20:54,100,GreenMiFlora,C4:7C:8D:6B:88:2E,3.3.5,0,16,1,26.6
2023-07-18 11:20:54,100,GreenMiFlora,C4:7C:8D:6B:88:2E,3.3.5,0,16,1,26.6
2023-07-18 11:20:55,100,GreenMiFlora,C4:7C:8D:6B:88:2E,3.3.5,0,0,1,26.6
2023-07-18 11:21:02,081,WhiteMiFlora,5C:85:7E:B0:87:05,3.3.6,0,230,0,26.3
2023-07-18 11:21:03,081,WhiteMiFlora,5C:85:7E:B0:87:05,3.3.6,0,230,0,26.3
2023-07-18 11:21:03,081,WhiteMiFlora,5C:85:7E:B0:87:05,3.3.6,0,117,0,26.4
2023-07-18 11:21:04,081,WhiteMiFlora,5C:85:7E:B0:87:05,3.3.6,0,117,0,26.4
2023-07-18 11:21:04,081,WhiteMiFlora,5C:85:7E:B0:87:05,3.3.6,0,117,0,26.3
2023-07-18 11:21:05,081,WhiteMiFlora,5C:85:7E:B0:87:05,3.3.6,0,117,0,26.3
2023-07-18 11:21:06,081,WhiteMiFlora,5C:85:7E:B0:87:05,3.3.6,0,117,0,26.3
2023-07-18 11:21:06,081,WhiteMiFlora,5C:85:7E:B0:87:05,3.3.6,0,117,0,26.3
2023-07-18 11:21:07,081,WhiteMiFlora,5C:85:7E:B0:87:05,3.3.6,0,117,0,26.3
2023-07-18 11:21:07,081,WhiteMiFlora,5C:85:7E:B0:87:05,3.3.6,0,117,0,26.3
2023-07-18 11:21:08,081,WhiteMiFlora,5C:85:7E:B0:87:05,3.3.6,0,117,0,26.3
2023-07-18 11:21:08,081,WhiteMiFlora,5C:85:7E:B0:87:05,3.3.6,0,117,0,26.3
2023-07-18 11:21:09,081,WhiteMiFlora,5C:85:7E:B0:87:05,3.3.6,0,117,0,26.3
2023-07-18 11:21:09,081,WhiteMiFlora,5C:85:7E:B0:87:05,3.3.6,0,117,0,26.3
2023-07-18 11:21:13,100,GreenMiFlora,C4:7C:8D:6B:88:2E,3.3.5,0,132,2,26.7
2023-07-18 11:21:13,100,GreenMiFlora,C4:7C:8D:6B:88:2E,3.3.5,0,132,2,26.7
2023-07-18 11:21:14,100,GreenMiFlora,C4:7C:8D:6B:88:2E,3.3.5,0,14,1,26.6
2023-07-18 11:21:14,100,GreenMiFlora,C4:7C:8D:6B:88:2E,3.3.5,0,14,1,26.6
2023-07-18 11:21:15,100,GreenMiFlora,C4:7C:8D:6B:88:2E,3.3.5,0,14,1,26.6
2023-07-18 11:21:15,100,GreenMiFlora,C4:7C:8D:6B:88:2E,3.3.5,0,14,1,26.6
2023-07-18 11:21:16,100,GreenMiFlora,C4:7C:8D:6B:88:2E,3.3.5,0,0,1,26.6
2023-07-18 11:21:17,100,GreenMiFlora,C4:7C:8D:6B:88:2E,3.3.5,0,0,1,26.6
2023-07-18 11:21:17,100,GreenMiFlora,C4:7C:8D:6B:88:2E,3.3.5,0,14,1,26.6
2023-07-18 11:21:18,100,GreenMiFlora,C4:7C:8D:6B:88:2E,3.3.5,0,14,1,26.6
2023-07-18 11:21:18,100,GreenMiFlora,C4:7C:8D:6B:88:2E,3.3.5,964,14,20,26.7
2023-07-18 11:21:19,100,GreenMiFlora,C4:7C:8D:6B:88:2E,3.3.5,1003,14,23,26.6
2023-07-18 11:21:19,100,GreenMiFlora,C4:7C:8D:6B:88:2E,3.3.5,1003,14,23,26.6
2023-07-18 11:21:20,100,GreenMiFlora,C4:7C:8D:6B:88:2E,3.3.5,1036,14,23,26.6
2023-07-18 11:21:24,081,WhiteMiFlora,5C:85:7E:B0:87:05,3.3.6,864,230,0,26.3
2023-07-18 11:21:24,081,WhiteMiFlora,5C:85:7E:B0:87:05,3.3.6,864,230,0,26.3
2023-07-18 11:21:25,081,WhiteMiFlora,5C:85:7E:B0:87:05,3.3.6,870,141,7,26.2
2023-07-18 11:21:25,081,WhiteMiFlora,5C:85:7E:B0:87:05,3.3.6,870,141,7,26.2
2023-07-18 11:21:26,081,WhiteMiFlora,5C:85:7E:B0:87:05,3.3.6,874,115,7,26.2
2023-07-18 11:21:26,081,WhiteMiFlora,5C:85:7E:B0:87:05,3.3.6,874,115,7,26.2
2023-07-18 11:21:27,081,WhiteMiFlora,5C:85:7E:B0:87:05,3.3.6,873,115,7,26.3
2023-07-18 11:21:27,081,WhiteMiFlora,5C:85:7E:B0:87:05,3.3.6,873,115,7,26.3
2023-07-18 11:21:28,081,WhiteMiFlora,5C:85:7E:B0:87:05,3.3.6,873,115,7,26.3
2023-07-18 11:21:29,081,WhiteMiFlora,5C:85:7E:B0:87:05,3.3.6,873,115,7,26.3
2023-07-18 11:21:29,081,WhiteMiFlora,5C:85:7E:B0:87:05,3.3.6,877,143,7,26.3
2023-07-18 11:21:30,081,WhiteMiFlora,5C:85:7E:B0:87:05,3.3.6,873,143,8,26.3
2023-07-18 11:21:30,081,WhiteMiFlora,5C:85:7E:B0:87:05,3.3.6,873,143,8,26.3
2023-07-18 11:21:31,081,WhiteMiFlora,5C:85:7E:B0:87:05,3.3.6,885,143,8,26.3
2023-07-18 11:21:36,100,GreenMiFlora,C4:7C:8D:6B:88:2E,3.3.5,1169,115,23,26.9
2023-07-18 11:21:36,100,GreenMiFlora,C4:7C:8D:6B:88:2E,3.3.5,1169,115,23,26.9
2023-07-18 11:21:37,100,GreenMiFlora,C4:7C:8D:6B:88:2E,3.3.5,1196,14,23,26.8
2023-07-18 11:21:37,100,GreenMiFlora,C4:7C:8D:6B:88:2E,3.3.5,1196,14,23,26.8
2023-07-18 11:21:38,100,GreenMiFlora,C4:7C:8D:6B:88:2E,3.3.5,1196,14,23,26.8
2023-07-18 11:21:38,100,GreenMiFlora,C4:7C:8D:6B:88:2E,3.3.5,1196,14,23,26.8
2023-07-18 11:21:39,100,GreenMiFlora,C4:7C:8D:6B:88:2E,3.3.5,1196,14,23,26.8
2023-07-18 11:21:39,100,GreenMiFlora,C4:7C:8D:6B:88:2E,3.3.5,1196,14,23,26.8
2023-07-18 11:21:40,100,GreenMiFlora,C4:7C:8D:6B:88:2E,3.3.5,1205,14,23,26.8
2023-07-18 11:21:41,100,GreenMiFlora,C4:7C:8D:6B:88:2E,3.3.5,1205,14,23,26.8
2023-07-18 11:21:41,100,GreenMiFlora,C4:7C:8D:6B:88:2E,3.3.5,1212,14,23,26.8
2023-07-18 11:21:42,100,GreenMiFlora,C4:7C:8D:6B:88:2E,3.3.5,1217,14,23,26.6
2023-07-18 11:21:42,100,GreenMiFlora,C4:7C:8D:6B:88:2E,3.3.5,1217,14,23,26.6
2023-07-18 11:21:43,100,GreenMiFlora,C4:7C:8D:6B:88:2E,3.3.5,1217,14,23,26.6
2023-07-18 11:21:48,090,WhiteMiFlora,5C:85:7E:B0:87:05,3.3.6,909,266,8,26.3
2023-07-18 11:21:49,090,WhiteMiFlora,5C:85:7E:B0:87:05,3.3.6,909,266,8,26.3
2023-07-18 11:21:49,090,WhiteMiFlora,5C:85:7E:B0:87:05,3.3.6,909,115,8,26.3
2023-07-18 11:21:50,090,WhiteMiFlora,5C:85:7E:B0:87:05,3.3.6,909,115,8,26.3
2023-07-18 11:21:50,090,WhiteMiFlora,5C:85:7E:B0:87:05,3.3.6,909,143,8,26.3
2023-07-18 11:21:51,090,WhiteMiFlora,5C:85:7E:B0:87:05,3.3.6,909,143,8,26.3
2023-07-18 11:21:51,090,WhiteMiFlora,5C:85:7E:B0:87:05,3.3.6,914,115,8,26.3
2023-07-18 11:21:52,090,WhiteMiFlora,5C:85:7E:B0:87:05,3.3.6,914,115,8,26.3
2023-07-18 11:21:53,090,WhiteMiFlora,5C:85:7E:B0:87:05,3.3.6,914,143,8,26.3
2023-07-18 11:21:53,090,WhiteMiFlora,5C:85:7E:B0:87:05,3.3.6,914,143,8,26.3
2023-07-18 11:21:54,090,WhiteMiFlora,5C:85:7E:B0:87:05,3.3.6,909,143,8,26.3
2023-07-18 11:21:54,090,WhiteMiFlora,5C:85:7E:B0:87:05,3.3.6,909,143,8,26.3
2023-07-18 11:21:55,090,WhiteMiFlora,5C:85:7E:B0:87:05,3.3.6,909,143,8,26.3
2023-07-18 11:21:55,090,WhiteMiFlora,5C:85:7E:B0:87:05,3.3.6,908,143,8,26.4
2023-07-18 11:21:59,100,GreenMiFlora,C4:7C:8D:6B:88:2E,3.3.5,1245,148,23,26.8
2023-07-18 11:21:59,100,GreenMiFlora,C4:7C:8D:6B:88:2E,3.3.5,1245,148,23,26.8
2023-07-18 11:22:00,100,GreenMiFlora,C4:7C:8D:6B:88:2E,3.3.5,1245,34,24,26.8
2023-07-18 11:22:00,100,GreenMiFlora,C4:7C:8D:6B:88:2E,3.3.5,1245,34,24,26.8
2023-07-18 11:22:01,100,GreenMiFlora,C4:7C:8D:6B:88:2E,3.3.5,1254,14,24,26.8
2023-07-18 11:22:01,100,GreenMiFlora,C4:7C:8D:6B:88:2E,3.3.5,1254,14,24,26.8
2023-07-18 11:22:02,100,GreenMiFlora,C4:7C:8D:6B:88:2E,3.3.5,1254,14,24,26.8
2023-07-18 11:22:03,100,GreenMiFlora,C4:7C:8D:6B:88:2E,3.3.5,1254,14,24,26.8
2023-07-18 11:22:03,100,GreenMiFlora,C4:7C:8D:6B:88:2E,3.3.5,1254,14,24,26.8
2023-07-18 11:22:04,100,GreenMiFlora,C4:7C:8D:6B:88:2E,3.3.5,1254,14,24,26.8
2023-07-18 11:22:04,100,GreenMiFlora,C4:7C:8D:6B:88:2E,3.3.5,1262,14,24,26.8
2023-07-18 11:22:05,100,GreenMiFlora,C4:7C:8D:6B:88:2E,3.3.5,1262,14,24,26.8
2023-07-18 11:22:05,100,GreenMiFlora,C4:7C:8D:6B:88:2E,3.3.5,1262,14,24,26.8
2023-07-18 11:22:06,100,GreenMiFlora,C4:7C:8D:6B:88:2E,3.3.5,1262,14,24,26.8
2023-07-18 11:22:09,090,WhiteMiFlora,5C:85:7E:B0:87:05,3.3.6,920,266,8,26.2
2023-07-18 11:22:10,090,WhiteMiFlora,5C:85:7E:B0:87:05,3.3.6,920,266,8,26.2
2023-07-18 11:22:10,090,WhiteMiFlora,5C:85:7E:B0:87:05,3.3.6,918,143,8,26.3
2023-07-18 11:22:11,090,WhiteMiFlora,5C:85:7E:B0:87:05,3.3.6,918,143,8,26.3
2023-07-18 11:22:11,090,WhiteMiFlora,5C:85:7E:B0:87:05,3.3.6,926,143,8,26.3
2023-07-18 11:22:12,090,WhiteMiFlora,5C:85:7E:B0:87:05,3.3.6,926,143,8,26.3
2023-07-18 11:22:13,090,WhiteMiFlora,5C:85:7E:B0:87:05,3.3.6,923,143,8,26.2
2023-07-18 11:22:13,090,WhiteMiFlora,5C:85:7E:B0:87:05,3.3.6,923,143,8,26.2
2023-07-18 11:22:14,090,WhiteMiFlora,5C:85:7E:B0:87:05,3.3.6,923,143,8,26.2
2023-07-18 11:22:14,090,WhiteMiFlora,5C:85:7E:B0:87:05,3.3.6,923,143,8,26.2
2023-07-18 11:22:15,090,WhiteMiFlora,5C:85:7E:B0:87:05,3.3.6,922,143,8,26.3
2023-07-18 11:22:15,090,WhiteMiFlora,5C:85:7E:B0:87:05,3.3.6,926,117,8,26.3
2023-07-18 11:22:16,090,WhiteMiFlora,5C:85:7E:B0:87:05,3.3.6,926,117,8,26.3
2023-07-18 11:22:16,090,WhiteMiFlora,5C:85:7E:B0:87:05,3.3.6,926,143,8,26.3
2023-07-18 11:22:20,100,GreenMiFlora,C4:7C:8D:6B:88:2E,3.3.5,1289,132,24,26.7
2023-07-18 11:22:20,100,GreenMiFlora,C4:7C:8D:6B:88:2E,3.3.5,1289,132,24,26.7
2023-07-18 11:22:21,100,GreenMiFlora,C4:7C:8D:6B:88:2E,3.3.5,1279,14,24,26.8
2023-07-18 11:22:21,100,GreenMiFlora,C4:7C:8D:6B:88:2E,3.3.5,1279,14,24,26.8
2023-07-18 11:22:22,100,GreenMiFlora,C4:7C:8D:6B:88:2E,3.3.5,1279,35,24,26.8
2023-07-18 11:22:22,100,GreenMiFlora,C4:7C:8D:6B:88:2E,3.3.5,1279,35,24,26.8
2023-07-18 11:22:23,100,GreenMiFlora,C4:7C:8D:6B:88:2E,3.3.5,1279,14,24,26.8
2023-07-18 11:22:23,100,GreenMiFlora,C4:7C:8D:6B:88:2E,3.3.5,1279,14,24,26.8
2023-07-18 11:22:24,100,GreenMiFlora,C4:7C:8D:6B:88:2E,3.3.5,1279,35,24,26.8
2023-07-18 11:22:25,100,GreenMiFlora,C4:7C:8D:6B:88:2E,3.3.5,1279,35,24,26.8
2023-07-18 11:22:25,100,GreenMiFlora,C4:7C:8D:6B:88:2E,3.3.5,1281,14,24,26.7
2023-07-18 11:22:26,100,GreenMiFlora,C4:7C:8D:6B:88:2E,3.3.5,1286,14,24,26.8
2023-07-18 11:22:26,100,GreenMiFlora,C4:7C:8D:6B:88:2E,3.3.5,1286,14,24,26.8
2023-07-18 11:22:27,100,GreenMiFlora,C4:7C:8D:6B:88:2E,3.3.5,1291,14,24,26.6
2023-07-18 11:22:30,090,WhiteMiFlora,5C:85:7E:B0:87:05,3.3.6,925,224,8,26.4
2023-07-18 11:22:31,090,WhiteMiFlora,5C:85:7E:B0:87:05,3.3.6,925,224,8,26.4
2023-07-18 11:22:31,090,WhiteMiFlora,5C:85:7E:B0:87:05,3.3.6,926,143,8,26.3
2023-07-18 11:22:32,090,WhiteMiFlora,5C:85:7E:B0:87:05,3.3.6,926,143,8,26.3
2023-07-18 11:22:32,090,WhiteMiFlora,5C:85:7E:B0:87:05,3.3.6,930,117,8,26.3
2023-07-18 11:22:33,090,WhiteMiFlora,5C:85:7E:B0:87:05,3.3.6,930,117,8,26.3
2023-07-18 11:22:33,090,WhiteMiFlora,5C:85:7E:B0:87:05,3.3.6,928,117,8,26.2
2023-07-18 11:22:34,090,WhiteMiFlora,5C:85:7E:B0:87:05,3.3.6,928,117,8,26.2
2023-07-18 11:22:34,090,WhiteMiFlora,5C:85:7E:B0:87:05,3.3.6,930,117,8,26.3
2023-07-18 11:22:35,090,WhiteMiFlora,5C:85:7E:B0:87:05,3.3.6,930,117,8,26.3
2023-07-18 11:22:36,090,WhiteMiFlora,5C:85:7E:B0:87:05,3.3.6,930,143,8,26.3
2023-07-18 11:22:36,090,WhiteMiFlora,5C:85:7E:B0:87:05,3.3.6,930,117,8,26.3
2023-07-18 11:22:37,090,WhiteMiFlora,5C:85:7E:B0:87:05,3.3.6,930,117,8,26.3
2023-07-18 11:22:37,090,WhiteMiFlora,5C:85:7E:B0:87:05,3.3.6,930,143,8,26.3
2023-07-18 11:22:42,100,GreenMiFlora,C4:7C:8D:6B:88:2E,3.3.5,1306,115,24,26.7
2023-07-18 11:22:42,100,GreenMiFlora,C4:7C:8D:6B:88:2E,3.3.5,1306,115,24,26.7
2023-07-18 11:22:43,100,GreenMiFlora,C4:7C:8D:6B:88:2E,3.3.5,1295,14,25,26.8
2023-07-18 11:22:43,100,GreenMiFlora,C4:7C:8D:6B:88:2E,3.3.5,1295,14,25,26.8
2023-07-18 11:22:44,100,GreenMiFlora,C4:7C:8D:6B:88:2E,3.3.5,1303,14,25,26.8
2023-07-18 11:22:44,100,GreenMiFlora,C4:7C:8D:6B:88:2E,3.3.5,1303,14,25,26.8
2023-07-18 11:22:45,100,GreenMiFlora,C4:7C:8D:6B:88:2E,3.3.5,1300,14,25,26.6
2023-07-18 11:22:45,100,GreenMiFlora,C4:7C:8D:6B:88:2E,3.3.5,1300,14,25,26.6
2023-07-18 11:22:46,100,GreenMiFlora,C4:7C:8D:6B:88:2E,3.3.5,1291,14,25,26.6
2023-07-18 11:22:47,100,GreenMiFlora,C4:7C:8D:6B:88:2E,3.3.5,1291,14,25,26.6
2023-07-18 11:22:47,100,GreenMiFlora,C4:7C:8D:6B:88:2E,3.3.5,1295,14,25,26.8
2023-07-18 11:22:48,100,GreenMiFlora,C4:7C:8D:6B:88:2E,3.3.5,1308,14,25,26.6
2023-07-18 11:22:48,100,GreenMiFlora,C4:7C:8D:6B:88:2E,3.3.5,1308,14,25,26.6
2023-07-18 11:22:49,100,GreenMiFlora,C4:7C:8D:6B:88:2E,3.3.5,1303,14,25,26.8
2023-07-18 11:22:54,086,WhiteMiFlora,5C:85:7E:B0:87:05,3.3.6,930,221,0,26.3
2023-07-18 11:22:54,086,WhiteMiFlora,5C:85:7E:B0:87:05,3.3.6,930,221,0,26.3
2023-07-18 11:22:55,086,WhiteMiFlora,5C:85:7E:B0:87:05,3.3.6,932,115,8,26.2
2023-07-18 11:22:55,086,WhiteMiFlora,5C:85:7E:B0:87:05,3.3.6,932,115,8,26.2
2023-07-18 11:22:56,086,WhiteMiFlora,5C:85:7E:B0:87:05,3.3.6,936,115,8,26.2
2023-07-18 11:22:56,086,WhiteMiFlora,5C:85:7E:B0:87:05,3.3.6,936,115,8,26.2
2023-07-18 11:22:57,086,WhiteMiFlora,5C:85:7E:B0:87:05,3.3.6,932,115,8,26.2
2023-07-18 11:22:57,086,WhiteMiFlora,5C:85:7E:B0:87:05,3.3.6,932,115,8,26.2
2023-07-18 11:22:58,086,WhiteMiFlora,5C:85:7E:B0:87:05,3.3.6,932,115,8,26.2
2023-07-18 11:22:58,086,WhiteMiFlora,5C:85:7E:B0:87:05,3.3.6,932,115,8,26.2
2023-07-18 11:22:59,086,WhiteMiFlora,5C:85:7E:B0:87:05,3.3.6,936,115,8,26.2
2023-07-18 11:23:00,086,WhiteMiFlora,5C:85:7E:B0:87:05,3.3.6,936,115,8,26.2
2023-07-18 11:23:00,086,WhiteMiFlora,5C:85:7E:B0:87:05,3.3.6,936,115,8,26.2
2023-07-18 11:23:01,086,WhiteMiFlora,5C:85:7E:B0:87:05,3.3.6,941,115,8,26.2
2023-07-18 11:23:06,100,GreenMiFlora,C4:7C:8D:6B:88:2E,3.3.5,1313,115,25,26.7
2023-07-18 11:23:06,100,GreenMiFlora,C4:7C:8D:6B:88:2E,3.3.5,1313,115,25,26.7
2023-07-18 11:23:07,100,GreenMiFlora,C4:7C:8D:6B:88:2E,3.3.5,1316,14,25,26.6
2023-07-18 11:23:07,100,GreenMiFlora,C4:7C:8D:6B:88:2E,3.3.5,1316,14,25,26.6
2023-07-18 11:23:08,100,GreenMiFlora,C4:7C:8D:6B:88:2E,3.3.5,1311,14,25,26.8
2023-07-18 11:23:08,100,GreenMiFlora,C4:7C:8D:6B:88:2E,3.3.5,1311,14,25,26.8
2023-07-18 11:23:09,100,GreenMiFlora,C4:7C:8D:6B:88:2E,3.3.5,1313,14,25,26.7
2023-07-18 11:23:10,100,GreenMiFlora,C4:7C:8D:6B:88:2E,3.3.5,1313,14,25,26.7
2023-07-18 11:23:10,100,GreenMiFlora,C4:7C:8D:6B:88:2E,3.3.5,1316,14,25,26.6
2023-07-18 11:23:11,100,GreenMiFlora,C4:7C:8D:6B:88:2E,3.3.5,1316,14,25,26.6
2023-07-18 11:23:11,100,GreenMiFlora,C4:7C:8D:6B:88:2E,3.3.5,1306,14,25,26.7
2023-07-18 11:23:12,100,GreenMiFlora,C4:7C:8D:6B:88:2E,3.3.5,1316,14,25,26.6
2023-07-18 11:23:12,100,GreenMiFlora,C4:7C:8D:6B:88:2E,3.3.5,1316,14,25,26.6
2023-07-18 11:23:13,100,GreenMiFlora,C4:7C:8D:6B:88:2E,3.3.5,1316,14,25,26.6
2023-07-18 11:23:18,086,WhiteMiFlora,5C:85:7E:B0:87:05,3.3.6,932,230,8,26.2
2023-07-18 11:23:19,086,WhiteMiFlora,5C:85:7E:B0:87:05,3.3.6,932,230,8,26.2
2023-07-18 11:23:19,086,WhiteMiFlora,5C:85:7E:B0:87:05,3.3.6,945,115,9,26.2
2023-07-18 11:23:20,086,WhiteMiFlora,5C:85:7E:B0:87:05,3.3.6,945,115,9,26.2
2023-07-18 11:23:20,086,WhiteMiFlora,5C:85:7E:B0:87:05,3.3.6,941,115,9,26.2
2023-07-18 11:23:21,086,WhiteMiFlora,5C:85:7E:B0:87:05,3.3.6,941,115,9,26.2
2023-07-18 11:23:21,086,WhiteMiFlora,5C:85:7E:B0:87:05,3.3.6,941,115,9,26.2
2023-07-18 11:23:22,086,WhiteMiFlora,5C:85:7E:B0:87:05,3.3.6,941,115,9,26.2
2023-07-18 11:23:22,086,WhiteMiFlora,5C:85:7E:B0:87:05,3.3.6,936,143,8,26.2
2023-07-18 11:23:23,086,WhiteMiFlora,5C:85:7E:B0:87:05,3.3.6,939,115,9,26.3
2023-07-18 11:23:24,086,WhiteMiFlora,5C:85:7E:B0:87:05,3.3.6,939,115,9,26.3
2023-07-18 11:23:24,086,WhiteMiFlora,5C:85:7E:B0:87:05,3.3.6,941,115,9,26.2
2023-07-18 11:23:25,086,WhiteMiFlora,5C:85:7E:B0:87:05,3.3.6,941,115,9,26.2
2023-07-18 11:23:25,086,WhiteMiFlora,5C:85:7E:B0:87:05,3.3.6,942,143,8,26.1
2023-07-18 11:23:31,100,GreenMiFlora,C4:7C:8D:6B:88:2E,3.3.5,1322,148,25,26.7
2023-07-18 11:23:31,100,GreenMiFlora,C4:7C:8D:6B:88:2E,3.3.5,1322,148,25,26.7
2023-07-18 11:23:32,100,GreenMiFlora,C4:7C:8D:6B:88:2E,3.3.5,1311,0,25,26.8
2023-07-18 11:23:32,100,GreenMiFlora,C4:7C:8D:6B:88:2E,3.3.5,1311,0,25,26.8
2023-07-18 11:23:33,100,GreenMiFlora,C4:7C:8D:6B:88:2E,3.3.5,1319,34,26,26.8
2023-07-18 11:23:33,100,GreenMiFlora,C4:7C:8D:6B:88:2E,3.3.5,1319,34,26,26.8
2023-07-18 11:23:34,100,GreenMiFlora,C4:7C:8D:6B:88:2E,3.3.5,1313,14,26,26.7
2023-07-18 11:23:34,100,GreenMiFlora,C4:7C:8D:6B:88:2E,3.3.5,1313,14,26,26.7
2023-07-18 11:23:35,100,GreenMiFlora,C4:7C:8D:6B:88:2E,3.3.5,1324,34,26,26.6
2023-07-18 11:23:36,100,GreenMiFlora,C4:7C:8D:6B:88:2E,3.3.5,1324,34,26,26.6
2023-07-18 11:23:36,100,GreenMiFlora,C4:7C:8D:6B:88:2E,3.3.5,1327,34,26,26.5
2023-07-18 11:23:37,100,GreenMiFlora,C4:7C:8D:6B:88:2E,3.3.5,1324,34,26,26.6
2023-07-18 11:23:38,100,GreenMiFlora,C4:7C:8D:6B:88:2E,3.3.5,1324,34,26,26.6
2023-07-18 11:23:45,086,WhiteMiFlora,5C:85:7E:B0:87:05,3.3.6,941,266,9,26.2
2023-07-18 11:23:46,086,WhiteMiFlora,5C:85:7E:B0:87:05,3.3.6,941,266,9,26.2
2023-07-18 11:23:46,086,WhiteMiFlora,5C:85:7E:B0:87:05,3.3.6,0,141,0,26.1
2023-07-18 11:23:47,086,WhiteMiFlora,5C:85:7E:B0:87:05,3.3.6,0,141,0,26.1
2023-07-18 11:23:47,086,WhiteMiFlora,5C:85:7E:B0:87:05,3.3.6,0,145,0,26.2
2023-07-18 11:23:48,086,WhiteMiFlora,5C:85:7E:B0:87:05,3.3.6,0,145,0,26.2
2023-07-18 11:23:48,086,WhiteMiFlora,5C:85:7E:B0:87:05,3.3.6,0,115,0,26.1
2023-07-18 11:23:49,086,WhiteMiFlora,5C:85:7E:B0:87:05,3.3.6,0,115,0,26.1
2023-07-18 11:23:49,086,WhiteMiFlora,5C:85:7E:B0:87:05,3.3.6,0,115,0,26.2
2023-07-18 11:23:50,086,WhiteMiFlora,5C:85:7E:B0:87:05,3.3.6,0,115,0,26.2
2023-07-18 11:23:51,086,WhiteMiFlora,5C:85:7E:B0:87:05,3.3.6,0,115,0,26.2
2023-07-18 11:23:51,086,WhiteMiFlora,5C:85:7E:B0:87:05,3.3.6,0,115,0,26.1
2023-07-18 11:23:52,086,WhiteMiFlora,5C:85:7E:B0:87:05,3.3.6,0,115,0,26.1
2023-07-18 11:23:52,086,WhiteMiFlora,5C:85:7E:B0:87:05,3.3.6,0,115,0,26.2
2023-07-18 11:23:56,100,GreenMiFlora,C4:7C:8D:6B:88:2E,3.3.5,0,16,26,26.8
2023-07-18 11:23:57,100,GreenMiFlora,C4:7C:8D:6B:88:2E,3.3.5,0,16,26,26.8
2023-07-18 11:23:57,100,GreenMiFlora,C4:7C:8D:6B:88:2E,3.3.5,0,0,1,26.8
2023-07-18 11:23:58,100,GreenMiFlora,C4:7C:8D:6B:88:2E,3.3.5,0,0,1,26.8
2023-07-18 11:23:59,100,GreenMiFlora,C4:7C:8D:6B:88:2E,3.3.5,0,0,1,26.6
2023-07-18 11:23:59,100,GreenMiFlora,C4:7C:8D:6B:88:2E,3.3.5,0,0,1,26.6
2023-07-18 11:24:00,100,GreenMiFlora,C4:7C:8D:6B:88:2E,3.3.5,0,14,1,26.6
2023-07-18 11:24:00,100,GreenMiFlora,C4:7C:8D:6B:88:2E,3.3.5,0,14,1,26.6
2023-07-18 11:24:01,100,GreenMiFlora,C4:7C:8D:6B:88:2E,3.3.5,0,14,1,26.6
2023-07-18 11:24:01,100,GreenMiFlora,C4:7C:8D:6B:88:2E,3.3.5,0,14,1,26.6
2023-07-18 11:24:02,100,GreenMiFlora,C4:7C:8D:6B:88:2E,3.3.5,0,14,1,26.6
2023-07-18 11:24:02,100,GreenMiFlora,C4:7C:8D:6B:88:2E,3.3.5,0,14,1,26.6
2023-07-18 11:24:03,100,GreenMiFlora,C4:7C:8D:6B:88:2E,3.3.5,0,14,1,26.6
2023-07-18 11:24:07,086,WhiteMiFlora,5C:85:7E:B0:87:05,3.3.6,0,230,0,26.3
2023-07-18 11:24:08,086,WhiteMiFlora,5C:85:7E:B0:87:05,3.3.6,0,230,0,26.3
2023-07-18 11:24:08,086,WhiteMiFlora,5C:85:7E:B0:87:05,3.3.6,0,115,0,26.1
2023-07-18 11:24:09,086,WhiteMiFlora,5C:85:7E:B0:87:05,3.3.6,0,115,0,26.1
2023-07-18 11:24:09,086,WhiteMiFlora,5C:85:7E:B0:87:05,3.3.6,0,115,0,26.2
2023-07-18 11:24:10,086,WhiteMiFlora,5C:85:7E:B0:87:05,3.3.6,0,115,0,26.2
2023-07-18 11:24:10,086,WhiteMiFlora,5C:85:7E:B0:87:05,3.3.6,0,115,0,26.2
2023-07-18 11:24:11,086,WhiteMiFlora,5C:85:7E:B0:87:05,3.3.6,0,115,0,26.2
2023-07-18 11:24:11,086,WhiteMiFlora,5C:85:7E:B0:87:05,3.3.6,0,115,0,26.2
2023-07-18 11:24:12,086,WhiteMiFlora,5C:85:7E:B0:87:05,3.3.6,0,115,0,26.2
2023-07-18 11:24:12,086,WhiteMiFlora,5C:85:7E:B0:87:05,3.3.6,0,115,0,26.2
2023-07-18 11:24:13,086,WhiteMiFlora,5C:85:7E:B0:87:05,3.3.6,0,115,0,26.2
2023-07-18 11:24:14,086,WhiteMiFlora,5C:85:7E:B0:87:05,3.3.6,0,115,0,26.2
2023-07-18 11:24:14,086,WhiteMiFlora,5C:85:7E:B0:87:05,3.3.6,0,115,0,26.1
2023-07-18 11:24:23,100,GreenMiFlora,C4:7C:8D:6B:88:2E,3.3.5,0,19,1,26.6
2023-07-18 11:24:24,100,GreenMiFlora,C4:7C:8D:6B:88:2E,3.3.5,0,19,1,26.6
2023-07-18 11:24:24,100,GreenMiFlora,C4:7C:8D:6B:88:2E,3.3.5,0,14,1,26.6
2023-07-18 11:24:25,100,GreenMiFlora,C4:7C:8D:6B:88:2E,3.3.5,0,14,1,26.6
2023-07-18 11:24:25,100,GreenMiFlora,C4:7C:8D:6B:88:2E,3.3.5,0,14,1,26.6
2023-07-18 11:24:26,100,GreenMiFlora,C4:7C:8D:6B:88:2E,3.3.5,0,14,1,26.6
2023-07-18 11:24:27,100,GreenMiFlora,C4:7C:8D:6B:88:2E,3.3.5,0,14,1,26.6
2023-07-18 11:24:27,100,GreenMiFlora,C4:7C:8D:6B:88:2E,3.3.5,0,14,1,26.6
2023-07-18 11:24:28,100,GreenMiFlora,C4:7C:8D:6B:88:2E,3.3.5,0,14,1,26.6
2023-07-18 11:24:28,100,GreenMiFlora,C4:7C:8D:6B:88:2E,3.3.5,0,14,1,26.6
2023-07-18 11:24:29,100,GreenMiFlora,C4:7C:8D:6B:88:2E,3.3.5,0,0,1,26.6
2023-07-18 11:24:29,100,GreenMiFlora,C4:7C:8D:6B:88:2E,3.3.5,0,14,1,26.6
2023-07-18 11:24:30,100,GreenMiFlora,C4:7C:8D:6B:88:2E,3.3.5,0,14,1,26.6
2023-07-18 11:24:35,090,WhiteMiFlora,5C:85:7E:B0:87:05,3.3.6,1239,230,0,26.4
2023-07-18 11:24:36,090,WhiteMiFlora,5C:85:7E:B0:87:05,3.3.6,1239,230,0,26.4
2023-07-18 11:24:36,090,WhiteMiFlora,5C:85:7E:B0:87:05,3.3.6,1273,115,3,26.3
2023-07-18 11:24:37,090,WhiteMiFlora,5C:85:7E:B0:87:05,3.3.6,1273,115,3,26.3
2023-07-18 11:24:37,090,WhiteMiFlora,5C:85:7E:B0:87:05,3.3.6,1307,143,3,26.3
2023-07-18 11:24:38,090,WhiteMiFlora,5C:85:7E:B0:87:05,3.3.6,1307,143,3,26.3
2023-07-18 11:24:38,090,WhiteMiFlora,5C:85:7E:B0:87:05,3.3.6,1321,143,4,26.1
2023-07-18 11:24:39,090,WhiteMiFlora,5C:85:7E:B0:87:05,3.3.6,1321,143,4,26.1
2023-07-18 11:24:39,090,WhiteMiFlora,5C:85:7E:B0:87:05,3.3.6,1334,143,3,26.2
2023-07-18 11:24:40,090,WhiteMiFlora,5C:85:7E:B0:87:05,3.3.6,1334,143,3,26.2
2023-07-18 11:24:40,090,WhiteMiFlora,5C:85:7E:B0:87:05,3.3.6,1340,115,3,26.3
2023-07-18 11:24:41,090,WhiteMiFlora,5C:85:7E:B0:87:05,3.3.6,1342,143,3,26.2
2023-07-18 11:24:42,090,WhiteMiFlora,5C:85:7E:B0:87:05,3.3.6,1342,143,3,26.2
2023-07-18 11:24:42,090,WhiteMiFlora,5C:85:7E:B0:87:05,3.3.6,1348,115,4,26.3
2023-07-18 11:24:46,100,GreenMiFlora,C4:7C:8D:6B:88:2E,3.3.5,1237,56,1,26.8
2023-07-18 11:24:47,100,GreenMiFlora,C4:7C:8D:6B:88:2E,3.3.5,1237,56,1,26.8
2023-07-18 11:24:47,100,GreenMiFlora,C4:7C:8D:6B:88:2E,3.3.5,1250,14,31,26.6
2023-07-18 11:24:48,100,GreenMiFlora,C4:7C:8D:6B:88:2E,3.3.5,1250,14,31,26.6
2023-07-18 11:24:48,100,GreenMiFlora,C4:7C:8D:6B:88:2E,3.3.5,1250,14,31,26.6
2023-07-18 11:24:49,100,GreenMiFlora,C4:7C:8D:6B:88:2E,3.3.5,1250,14,31,26.6
2023-07-18 11:24:49,100,GreenMiFlora,C4:7C:8D:6B:88:2E,3.3.5,1259,14,31,26.6
2023-07-18 11:24:50,100,GreenMiFlora,C4:7C:8D:6B:88:2E,3.3.5,1259,14,31,26.6
2023-07-18 11:24:50,100,GreenMiFlora,C4:7C:8D:6B:88:2E,3.3.5,1266,14,31,26.6
2023-07-18 11:24:51,100,GreenMiFlora,C4:7C:8D:6B:88:2E,3.3.5,1266,14,31,26.6
2023-07-18 11:24:52,100,GreenMiFlora,C4:7C:8D:6B:88:2E,3.3.5,1254,14,31,26.8
2023-07-18 11:24:52,100,GreenMiFlora,C4:7C:8D:6B:88:2E,3.3.5,1275,14,31,26.6
2023-07-18 11:24:53,100,GreenMiFlora,C4:7C:8D:6B:88:2E,3.3.5,1275,14,31,26.6
2023-07-18 11:24:56,090,WhiteMiFlora,5C:85:7E:B0:87:05,3.3.6,1387,260,4,26.4
2023-07-18 11:24:57,090,WhiteMiFlora,5C:85:7E:B0:87:05,3.3.6,1387,260,4,26.4
2023-07-18 11:24:57,090,WhiteMiFlora,5C:85:7E:B0:87:05,3.3.6,1407,115,4,26.3
2023-07-18 11:24:58,090,WhiteMiFlora,5C:85:7E:B0:87:05,3.3.6,1407,115,4,26.3
2023-07-18 11:24:58,090,WhiteMiFlora,5C:85:7E:B0:87:05,3.3.6,1407,143,4,26.3
2023-07-18 11:24:59,090,WhiteMiFlora,5C:85:7E:B0:87:05,3.3.6,1407,143,4,26.3
2023-07-18 11:24:59,090,WhiteMiFlora,5C:85:7E:B0:87:05,3.3.6,1414,115,4,26.3
2023-07-18 11:25:00,090,WhiteMiFlora,5C:85:7E:B0:87:05,3.3.6,1414,115,4,26.3
2023-07-18 11:25:00,090,WhiteMiFlora,5C:85:7E:B0:87:05,3.3.6,1407,143,4,26.3
2023-07-18 11:25:01,090,WhiteMiFlora,5C:85:7E:B0:87:05,3.3.6,1407,143,4,26.3
2023-07-18 11:25:01,090,WhiteMiFlora,5C:85:7E:B0:87:05,3.3.6,1407,143,4,26.3
2023-07-18 11:25:02,090,WhiteMiFlora,5C:85:7E:B0:87:05,3.3.6,1417,115,4,26.2
2023-07-18 11:25:03,090,WhiteMiFlora,5C:85:7E:B0:87:05,3.3.6,1417,115,4,26.2
2023-07-18 11:25:03,090,WhiteMiFlora,5C:85:7E:B0:87:05,3.3.6,1414,115,4,26.3
2023-07-18 11:25:08,100,GreenMiFlora,C4:7C:8D:6B:88:2E,3.3.5,1300,0,31,26.6
2023-07-18 11:25:08,100,GreenMiFlora,C4:7C:8D:6B:88:2E,3.3.5,1300,0,31,26.6
2023-07-18 11:25:09,100,GreenMiFlora,C4:7C:8D:6B:88:2E,3.3.5,1291,34,31,26.6
2023-07-18 11:25:09,100,GreenMiFlora,C4:7C:8D:6B:88:2E,3.3.5,1291,34,31,26.6
2023-07-18 11:25:10,100,GreenMiFlora,C4:7C:8D:6B:88:2E,3.3.5,1300,34,31,26.6
2023-07-18 11:25:10,100,GreenMiFlora,C4:7C:8D:6B:88:2E,3.3.5,1300,34,31,26.6
2023-07-18 11:25:11,100,GreenMiFlora,C4:7C:8D:6B:88:2E,3.3.5,1291,14,31,26.6
2023-07-18 11:25:11,100,GreenMiFlora,C4:7C:8D:6B:88:2E,3.3.5,1291,14,31,26.6
2023-07-18 11:25:12,100,GreenMiFlora,C4:7C:8D:6B:88:2E,3.3.5,1308,14,31,26.6
2023-07-18 11:25:12,100,GreenMiFlora,C4:7C:8D:6B:88:2E,3.3.5,1286,14,31,26.8
2023-07-18 11:25:13,100,GreenMiFlora,C4:7C:8D:6B:88:2E,3.3.5,1286,14,31,26.8
2023-07-18 11:25:14,100,GreenMiFlora,C4:7C:8D:6B:88:2E,3.3.5,1295,14,31,26.8
2023-07-18 11:25:18,090,WhiteMiFlora,5C:85:7E:B0:87:05,3.3.6,1412,260,4,26.4
2023-07-18 11:25:19,090,WhiteMiFlora,5C:85:7E:B0:87:05,3.3.6,1412,260,4,26.4
2023-07-18 11:25:19,090,WhiteMiFlora,5C:85:7E:B0:87:05,3.3.6,1434,115,4,26.2
2023-07-18 11:25:20,090,WhiteMiFlora,5C:85:7E:B0:87:05,3.3.6,1434,115,4,26.2
2023-07-18 11:25:20,090,WhiteMiFlora,5C:85:7E:B0:87:05,3.3.6,1432,115,4,26.3
2023-07-18 11:25:21,090,WhiteMiFlora,5C:85:7E:B0:87:05,3.3.6,1432,115,4,26.3
2023-07-18 11:25:21,090,WhiteMiFlora,5C:85:7E:B0:87:05,3.3.6,1432,143,4,26.3
2023-07-18 11:25:22,090,WhiteMiFlora,5C:85:7E:B0:87:05,3.3.6,1432,143,4,26.3
2023-07-18 11:25:22,090,WhiteMiFlora,5C:85:7E:B0:87:05,3.3.6,1439,143,4,26.3
2023-07-18 11:25:23,090,WhiteMiFlora,5C:85:7E:B0:87:05,3.3.6,1439,143,4,26.3
2023-07-18 11:25:23,090,WhiteMiFlora,5C:85:7E:B0:87:05,3.3.6,1432,143,4,26.3
2023-07-18 11:25:24,090,WhiteMiFlora,5C:85:7E:B0:87:05,3.3.6,1432,143,4,26.3
2023-07-18 11:25:25,090,WhiteMiFlora,5C:85:7E:B0:87:05,3.3.6,1432,143,4,26.3
2023-07-18 11:25:25,090,WhiteMiFlora,5C:85:7E:B0:87:05,3.3.6,1432,117,4,26.3
2023-07-18 11:25:31,100,GreenMiFlora,C4:7C:8D:6B:88:2E,3.3.5,1322,115,31,26.7
2023-07-18 11:25:31,100,GreenMiFlora,C4:7C:8D:6B:88:2E,3.3.5,1322,115,31,26.7
2023-07-18 11:25:32,100,GreenMiFlora,C4:7C:8D:6B:88:2E,3.3.5,1311,0,30,26.8
2023-07-18 11:25:32,100,GreenMiFlora,C4:7C:8D:6B:88:2E,3.3.5,1311,0,30,26.8
2023-07-18 11:25:33,100,GreenMiFlora,C4:7C:8D:6B:88:2E,3.3.5,1311,14,31,26.8
2023-07-18 11:25:33,100,GreenMiFlora,C4:7C:8D:6B:88:2E,3.3.5,1311,14,31,26.8
2023-07-18 11:25:34,100,GreenMiFlora,C4:7C:8D:6B:88:2E,3.3.5,1311,14,31,26.8
2023-07-18 11:25:34,100,GreenMiFlora,C4:7C:8D:6B:88:2E,3.3.5,1311,14,31,26.8
2023-07-18 11:25:35,100,GreenMiFlora,C4:7C:8D:6B:88:2E,3.3.5,1308,14,33,26.6
2023-07-18 11:25:35,100,GreenMiFlora,C4:7C:8D:6B:88:2E,3.3.5,1308,14,33,26.6
2023-07-18 11:25:36,100,GreenMiFlora,C4:7C:8D:6B:88:2E,3.3.5,1316,14,33,26.6
2023-07-18 11:25:37,100,GreenMiFlora,C4:7C:8D:6B:88:2E,3.3.5,1324,14,33,26.6
2023-07-18 11:25:37,100,GreenMiFlora,C4:7C:8D:6B:88:2E,3.3.5,1324,14,33,26.6
2023-07-18 11:25:38,100,GreenMiFlora,C4:7C:8D:6B:88:2E,3.3.5,1311,0,33,26.8
2023-07-18 11:25:42,090,WhiteMiFlora,5C:85:7E:B0:87:05,3.3.6,1437,260,4,26.4
2023-07-18 11:25:43,090,WhiteMiFlora,5C:85:7E:B0:87:05,3.3.6,1437,260,4,26.4
2023-07-18 11:25:43,090,WhiteMiFlora,5C:85:7E:B0:87:05,3.3.6,1439,115,4,26.3
2023-07-18 11:25:44,090,WhiteMiFlora,5C:85:7E:B0:87:05,3.3.6,1439,115,4,26.3
2023-07-18 11:25:44,090,WhiteMiFlora,5C:85:7E:B0:87:05,3.3.6,1439,143,4,26.3
2023-07-18 11:25:45,090,WhiteMiFlora,5C:85:7E:B0:87:05,3.3.6,1439,143,4,26.3
2023-07-18 11:25:45,090,WhiteMiFlora,5C:85:7E:B0:87:05,3.3.6,1448,115,4,26.3
2023-07-18 11:25:46,090,WhiteMiFlora,5C:85:7E:B0:87:05,3.3.6,1448,115,4,26.3
2023-07-18 11:25:46,090,WhiteMiFlora,5C:85:7E:B0:87:05,3.3.6,1439,143,4,26.3
2023-07-18 11:25:47,090,WhiteMiFlora,5C:85:7E:B0:87:05,3.3.6,1439,143,4,26.3
2023-07-18 11:25:48,090,WhiteMiFlora,5C:85:7E:B0:87:05,3.3.6,1448,143,4,26.3
2023-07-18 11:25:48,090,WhiteMiFlora,5C:85:7E:B0:87:05,3.3.6,1448,143,4,26.3
2023-07-18 11:25:49,090,WhiteMiFlora,5C:85:7E:B0:87:05,3.3.6,1448,143,4,26.3
2023-07-18 11:25:49,090,WhiteMiFlora,5C:85:7E:B0:87:05,3.3.6,1439,143,4,26.3
2023-07-18 11:25:54,100,GreenMiFlora,C4:7C:8D:6B:88:2E,3.3.5,1322,132,32,26.7
2023-07-18 11:25:54,100,GreenMiFlora,C4:7C:8D:6B:88:2E,3.3.5,1322,132,32,26.7
2023-07-18 11:25:55,100,GreenMiFlora,C4:7C:8D:6B:88:2E,3.3.5,1311,17,33,26.8
2023-07-18 11:25:55,100,GreenMiFlora,C4:7C:8D:6B:88:2E,3.3.5,1311,17,33,26.8
2023-07-18 11:25:56,100,GreenMiFlora,C4:7C:8D:6B:88:2E,3.3.5,1330,14,33,26.7
2023-07-18 11:25:56,100,GreenMiFlora,C4:7C:8D:6B:88:2E,3.3.5,1330,14,33,26.7
2023-07-18 11:25:57,100,GreenMiFlora,C4:7C:8D:6B:88:2E,3.3.5,1311,14,33,26.8
2023-07-18 11:25:57,100,GreenMiFlora,C4:7C:8D:6B:88:2E,3.3.5,1311,14,33,26.8
2023-07-18 11:25:58,100,GreenMiFlora,C4:7C:8D:6B:88:2E,3.3.5,1319,14,33,26.8
2023-07-18 11:25:58,100,GreenMiFlora,C4:7C:8D:6B:88:2E,3.3.5,1319,14,33,26.8
2023-07-18 11:25:59,100,GreenMiFlora,C4:7C:8D:6B:88:2E,3.3.5,1319,14,33,26.8
2023-07-18 11:26:00,100,GreenMiFlora,C4:7C:8D:6B:88:2E,3.3.5,1311,0,33,26.8
2023-07-18 11:26:00,100,GreenMiFlora,C4:7C:8D:6B:88:2E,3.3.5,1311,0,33,26.8
2023-07-18 11:26:01,100,GreenMiFlora,C4:7C:8D:6B:88:2E,3.3.5,1332,34,33,26.6
2023-07-18 11:26:04,086,WhiteMiFlora,5C:85:7E:B0:87:05,3.3.6,1439,230,4,26.3
2023-07-18 11:26:06,086,WhiteMiFlora,5C:85:7E:B0:87:05,3.3.6,1439,115,4,26.3
2023-07-18 11:26:06,086,WhiteMiFlora,5C:85:7E:B0:87:05,3.3.6,1451,115,4,26.2
2023-07-18 11:26:07,086,WhiteMiFlora,5C:85:7E:B0:87:05,3.3.6,1451,115,4,26.2
2023-07-18 11:26:07,086,WhiteMiFlora,5C:85:7E:B0:87:05,3.3.6,1442,143,4,26.2
2023-07-18 11:26:08,086,WhiteMiFlora,5C:85:7E:B0:87:05,3.3.6,1442,143,4,26.2
2023-07-18 11:26:08,086,WhiteMiFlora,5C:85:7E:B0:87:05,3.3.6,1448,143,4,26.3
2023-07-18 11:26:09,086,WhiteMiFlora,5C:85:7E:B0:87:05,3.3.6,1448,143,4,26.3
2023-07-18 11:26:10,086,WhiteMiFlora,5C:85:7E:B0:87:05,3.3.6,1448,115,4,26.3
2023-07-18 11:26:10,086,WhiteMiFlora,5C:85:7E:B0:87:05,3.3.6,1451,143,4,26.2
2023-07-18 11:26:16,100,GreenMiFlora,C4:7C:8D:6B:88:2E,3.3.5,1313,132,33,26.7
2023-07-18 11:26:16,100,GreenMiFlora,C4:7C:8D:6B:88:2E,3.3.5,1313,132,33,26.7
2023-07-18 11:26:17,100,GreenMiFlora,C4:7C:8D:6B:88:2E,3.3.5,1330,17,33,26.7
2023-07-18 11:26:17,100,GreenMiFlora,C4:7C:8D:6B:88:2E,3.3.5,1330,17,33,26.7
2023-07-18 11:26:18,100,GreenMiFlora,C4:7C:8D:6B:88:2E,3.3.5,1330,17,33,26.7
2023-07-18 11:26:18,100,GreenMiFlora,C4:7C:8D:6B:88:2E,3.3.5,1330,17,33,26.7
2023-07-18 11:26:19,100,GreenMiFlora,C4:7C:8D:6B:88:2E,3.3.5,1319,17,33,26.8
2023-07-18 11:26:19,100,GreenMiFlora,C4:7C:8D:6B:88:2E,3.3.5,1319,17,33,26.8
2023-07-18 11:26:20,100,GreenMiFlora,C4:7C:8D:6B:88:2E,3.3.5,1332,17,33,26.6
2023-07-18 11:26:21,100,GreenMiFlora,C4:7C:8D:6B:88:2E,3.3.5,1319,17,33,26.8
2023-07-18 11:26:21,100,GreenMiFlora,C4:7C:8D:6B:88:2E,3.3.5,1319,17,33,26.8
2023-07-18 11:26:22,100,GreenMiFlora,C4:7C:8D:6B:88:2E,3.3.5,1319,34,33,26.8
2023-07-18 11:26:22,100,GreenMiFlora,C4:7C:8D:6B:88:2E,3.3.5,1319,34,33,26.8
2023-07-18 11:26:23,100,GreenMiFlora,C4:7C:8D:6B:88:2E,3.3.5,1319,17,33,26.8
2023-07-18 11:26:27,086,WhiteMiFlora,5C:85:7E:B0:87:05,3.3.6,1437,230,4,26.4
2023-07-18 11:26:28,086,WhiteMiFlora,5C:85:7E:B0:87:05,3.3.6,1437,230,4,26.4
2023-07-18 11:26:28,086,WhiteMiFlora,5C:85:7E:B0:87:05,3.3.6,1448,115,4,26.3
2023-07-18 11:26:29,086,WhiteMiFlora,5C:85:7E:B0:87:05,3.3.6,1458,115,4,26.2
2023-07-18 11:26:30,086,WhiteMiFlora,5C:85:7E:B0:87:05,3.3.6,1458,115,4,26.2
2023-07-18 11:26:30,086,WhiteMiFlora,5C:85:7E:B0:87:05,3.3.6,1456,115,4,26.3
2023-07-18 11:26:31,086,WhiteMiFlora,5C:85:7E:B0:87:05,3.3.6,1456,115,4,26.3
2023-07-18 11:26:31,086,WhiteMiFlora,5C:85:7E:B0:87:05,3.3.6,1451,143,5,26.2
2023-07-18 11:26:32,086,WhiteMiFlora,5C:85:7E:B0:87:05,3.3.6,1451,143,5,26.2
2023-07-18 11:26:32,086,WhiteMiFlora,5C:85:7E:B0:87:05,3.3.6,1453,143,4,26.1
2023-07-18 11:26:33,086,WhiteMiFlora,5C:85:7E:B0:87:05,3.3.6,1453,143,4,26.1
2023-07-18 11:26:33,086,WhiteMiFlora,5C:85:7E:B0:87:05,3.3.6,1445,115,4,26.1
2023-07-18 11:26:34,086,WhiteMiFlora,5C:85:7E:B0:87:05,3.3.6,1445,115,4,26.1
2023-07-18 11:26:39,100,GreenMiFlora,C4:7C:8D:6B:88:2E,3.3.5,1322,148,33,26.7
2023-07-18 11:26:39,100,GreenMiFlora,C4:7C:8D:6B:88:2E,3.3.5,1322,148,33,26.7
2023-07-18 11:26:40,100,GreenMiFlora,C4:7C:8D:6B:88:2E,3.3.5,1324,17,33,26.6
2023-07-18 11:26:40,100,GreenMiFlora,C4:7C:8D:6B:88:2E,3.3.5,1324,17,33,26.6
2023-07-18 11:26:41,100,GreenMiFlora,C4:7C:8D:6B:88:2E,3.3.5,1332,14,33,26.6
2023-07-18 11:26:42,100,GreenMiFlora,C4:7C:8D:6B:88:2E,3.3.5,1332,14,33,26.6
2023-07-18 11:26:42,100,GreenMiFlora,C4:7C:8D:6B:88:2E,3.3.5,1324,34,33,26.6
2023-07-18 11:26:43,100,GreenMiFlora,C4:7C:8D:6B:88:2E,3.3.5,1324,34,33,26.6
2023-07-18 11:26:43,100,GreenMiFlora,C4:7C:8D:6B:88:2E,3.3.5,1324,34,33,26.6
2023-07-18 11:26:44,100,GreenMiFlora,C4:7C:8D:6B:88:2E,3.3.5,1332,34,33,26.6
2023-07-18 11:26:44,100,GreenMiFlora,C4:7C:8D:6B:88:2E,3.3.5,1332,34,33,26.6
2023-07-18 11:26:46,100,GreenMiFlora,C4:7C:8D:6B:88:2E,3.3.5,1343,34,33,26.5
2023-07-18 11:26:51,086,WhiteMiFlora,5C:85:7E:B0:87:05,3.3.6,1442,266,4,26.2
2023-07-18 11:26:52,086,WhiteMiFlora,5C:85:7E:B0:87:05,3.3.6,1442,266,4,26.2
2023-07-18 11:26:52,086,WhiteMiFlora,5C:85:7E:B0:87:05,3.3.6,1442,115,5,26.2
2023-07-18 11:26:53,086,WhiteMiFlora,5C:85:7E:B0:87:05,3.3.6,1442,115,5,26.2
2023-07-18 11:26:53,086,WhiteMiFlora,5C:85:7E:B0:87:05,3.3.6,1445,115,5,26.1
2023-07-18 11:26:54,086,WhiteMiFlora,5C:85:7E:B0:87:05,3.3.6,1445,115,5,26.1
2023-07-18 11:26:54,086,WhiteMiFlora,5C:85:7E:B0:87:05,3.3.6,1451,115,5,26.2
2023-07-18 11:26:55,086,WhiteMiFlora,5C:85:7E:B0:87:05,3.3.6,1451,115,5,26.2
2023-07-18 11:26:55,086,WhiteMiFlora,5C:85:7E:B0:87:05,3.3.6,1442,115,5,26.2
2023-07-18 11:26:56,086,WhiteMiFlora,5C:85:7E:B0:87:05,3.3.6,1442,115,5,26.2
2023-07-18 11:26:57,086,WhiteMiFlora,5C:85:7E:B0:87:05,3.3.6,1451,115,5,26.2
2023-07-18 11:26:57,086,WhiteMiFlora,5C:85:7E:B0:87:05,3.3.6,1451,143,5,26.2
2023-07-18 11:26:58,086,WhiteMiFlora,5C:85:7E:B0:87:05,3.3.6,1451,143,5,26.2
2023-07-18 11:26:58,086,WhiteMiFlora,5C:85:7E:B0:87:05,3.3.6,1453,143,4,26.1
2023-07-18 11:27:02,100,GreenMiFlora,C4:7C:8D:6B:88:2E,3.3.5,1330,132,33,26.7
2023-07-18 11:27:02,100,GreenMiFlora,C4:7C:8D:6B:88:2E,3.3.5,1330,132,33,26.7
2023-07-18 11:27:03,100,GreenMiFlora,C4:7C:8D:6B:88:2E,3.3.5,1324,17,33,26.6
2023-07-18 11:27:04,100,GreenMiFlora,C4:7C:8D:6B:88:2E,3.3.5,1324,34,33,26.6
2023-07-18 11:27:04,100,GreenMiFlora,C4:7C:8D:6B:88:2E,3.3.5,1324,34,33,26.6
2023-07-18 11:27:05,100,GreenMiFlora,C4:7C:8D:6B:88:2E,3.3.5,1332,14,33,26.6
2023-07-18 11:27:05,100,GreenMiFlora,C4:7C:8D:6B:88:2E,3.3.5,1332,14,33,26.6
2023-07-18 11:27:06,100,GreenMiFlora,C4:7C:8D:6B:88:2E,3.3.5,1324,34,33,26.6
2023-07-18 11:27:06,100,GreenMiFlora,C4:7C:8D:6B:88:2E,3.3.5,1324,34,33,26.6
2023-07-18 11:27:07,100,GreenMiFlora,C4:7C:8D:6B:88:2E,3.3.5,1332,14,33,26.6
2023-07-18 11:27:07,100,GreenMiFlora,C4:7C:8D:6B:88:2E,3.3.5,1332,14,33,26.6
2023-07-18 11:27:08,100,GreenMiFlora,C4:7C:8D:6B:88:2E,3.3.5,1324,34,33,26.6
2023-07-18 11:27:08,100,GreenMiFlora,C4:7C:8D:6B:88:2E,3.3.5,1324,34,33,26.6
2023-07-18 11:27:16,086,WhiteMiFlora,5C:85:7E:B0:87:05,3.3.6,1442,230,5,26.2
2023-07-18 11:27:17,086,WhiteMiFlora,5C:85:7E:B0:87:05,3.3.6,1442,230,5,26.2
2023-07-18 11:27:17,086,WhiteMiFlora,5C:85:7E:B0:87:05,3.3.6,1453,115,5,26.1
2023-07-18 11:27:18,086,WhiteMiFlora,5C:85:7E:B0:87:05,3.3.6,1437,115,3,26.1
2023-07-18 11:27:19,086,WhiteMiFlora,5C:85:7E:B0:87:05,3.3.6,1437,115,3,26.1
2023-07-18 11:27:19,086,WhiteMiFlora,5C:85:7E:B0:87:05,3.3.6,0,115,0,26.1
2023-07-18 11:27:20,086,WhiteMiFlora,5C:85:7E:B0:87:05,3.3.6,0,115,0,26.2
2023-07-18 11:27:21,086,WhiteMiFlora,5C:85:7E:B0:87:05,3.3.6,0,115,0,26.2
2023-07-18 11:27:21,086,WhiteMiFlora,5C:85:7E:B0:87:05,3.3.6,0,115,0,26.2
2023-07-18 11:27:22,086,WhiteMiFlora,5C:85:7E:B0:87:05,3.3.6,0,115,0,26.2
2023-07-18 11:27:22,086,WhiteMiFlora,5C:85:7E:B0:87:05,3.3.6,0,115,0,26.2
2023-07-18 11:27:23,086,WhiteMiFlora,5C:85:7E:B0:87:05,3.3.6,0,115,0,26.2
2023-07-18 11:27:27,100,GreenMiFlora,C4:7C:8D:6B:88:2E,3.3.5,0,115,33,26.7
2023-07-18 11:27:27,100,GreenMiFlora,C4:7C:8D:6B:88:2E,3.3.5,0,115,33,26.7
2023-07-18 11:27:28,100,GreenMiFlora,C4:7C:8D:6B:88:2E,3.3.5,0,17,1,26.6
2023-07-18 11:27:28,100,GreenMiFlora,C4:7C:8D:6B:88:2E,3.3.5,0,17,1,26.6
2023-07-18 11:27:29,100,GreenMiFlora,C4:7C:8D:6B:88:2E,3.3.5,0,0,1,26.6
2023-07-18 11:27:29,100,GreenMiFlora,C4:7C:8D:6B:88:2E,3.3.5,0,0,1,26.6
2023-07-18 11:27:30,100,GreenMiFlora,C4:7C:8D:6B:88:2E,3.3.5,0,0,1,26.6
2023-07-18 11:27:30,100,GreenMiFlora,C4:7C:8D:6B:88:2E,3.3.5,0,0,1,26.6
2023-07-18 11:27:31,100,GreenMiFlora,C4:7C:8D:6B:88:2E,3.3.5,0,0,1,26.7
2023-07-18 11:27:31,100,GreenMiFlora,C4:7C:8D:6B:88:2E,3.3.5,0,0,1,26.7
2023-07-18 11:27:32,100,GreenMiFlora,C4:7C:8D:6B:88:2E,3.3.5,0,14,1,26.6
2023-07-18 11:27:33,100,GreenMiFlora,C4:7C:8D:6B:88:2E,3.3.5,0,0,1,26.6
2023-07-18 11:27:33,100,GreenMiFlora,C4:7C:8D:6B:88:2E,3.3.5,0,0,1,26.6
2023-07-18 11:27:34,100,GreenMiFlora,C4:7C:8D:6B:88:2E,3.3.5,0,0,1,26.6
2023-07-18 11:27:40,086,WhiteMiFlora,5C:85:7E:B0:87:05,3.3.6,0,230,0,26.3
2023-07-18 11:27:41,086,WhiteMiFlora,5C:85:7E:B0:87:05,3.3.6,0,230,0,26.3
2023-07-18 11:27:41,086,WhiteMiFlora,5C:85:7E:B0:87:05,3.3.6,0,115,0,26.2
2023-07-18 11:27:42,086,WhiteMiFlora,5C:85:7E:B0:87:05,3.3.6,0,115,0,26.2
2023-07-18 11:27:42,086,WhiteMiFlora,5C:85:7E:B0:87:05,3.3.6,0,115,0,26.2
2023-07-18 11:27:43,086,WhiteMiFlora,5C:85:7E:B0:87:05,3.3.6,0,115,0,26.2
2023-07-18 11:27:44,086,WhiteMiFlora,5C:85:7E:B0:87:05,3.3.6,0,115,0,26.2
2023-07-18 11:27:44,086,WhiteMiFlora,5C:85:7E:B0:87:05,3.3.6,0,115,0,26.2
2023-07-18 11:27:45,086,WhiteMiFlora,5C:85:7E:B0:87:05,3.3.6,0,143,0,26.1
2023-07-18 11:27:45,086,WhiteMiFlora,5C:85:7E:B0:87:05,3.3.6,0,143,0,26.1
2023-07-18 11:27:46,086,WhiteMiFlora,5C:85:7E:B0:87:05,3.3.6,0,143,0,26.1
2023-07-18 11:27:46,086,WhiteMiFlora,5C:85:7E:B0:87:05,3.3.6,0,115,0,26.2
2023-07-18 11:27:47,086,WhiteMiFlora,5C:85:7E:B0:87:05,3.3.6,0,115,0,26.2
2023-07-18 11:27:47,086,WhiteMiFlora,5C:85:7E:B0:87:05,3.3.6,0,115,0,26.3
2023-07-18 11:27:52,100,GreenMiFlora,C4:7C:8D:6B:88:2E,3.3.5,0,132,1,26.7
2023-07-18 11:27:52,100,GreenMiFlora,C4:7C:8D:6B:88:2E,3.3.5,0,132,1,26.7
2023-07-18 11:27:53,100,GreenMiFlora,C4:7C:8D:6B:88:2E,3.3.5,0,17,1,26.7
2023-07-18 11:27:53,100,GreenMiFlora,C4:7C:8D:6B:88:2E,3.3.5,0,17,1,26.7
2023-07-18 11:27:54,100,GreenMiFlora,C4:7C:8D:6B:88:2E,3.3.5,0,14,1,26.6
2023-07-18 11:27:54,100,GreenMiFlora,C4:7C:8D:6B:88:2E,3.3.5,0,14,1,26.6
2023-07-18 11:27:55,100,GreenMiFlora,C4:7C:8D:6B:88:2E,3.3.5,0,14,1,26.6
2023-07-18 11:27:55,100,GreenMiFlora,C4:7C:8D:6B:88:2E,3.3.5,0,14,1,26.6
2023-07-18 11:27:56,100,GreenMiFlora,C4:7C:8D:6B:88:2E,3.3.5,0,14,1,26.6
2023-07-18 11:27:57,100,GreenMiFlora,C4:7C:8D:6B:88:2E,3.3.5,0,0,1,26.7
2023-07-18 11:27:58,100,GreenMiFlora,C4:7C:8D:6B:88:2E,3.3.5,0,14,1,26.6
2023-07-18 11:27:58,100,GreenMiFlora,C4:7C:8D:6B:88:2E,3.3.5,0,14,1,26.6
2023-07-18 11:27:59,100,GreenMiFlora,C4:7C:8D:6B:88:2E,3.3.5,0,14,1,26.6
2023-07-18 11:28:02,086,WhiteMiFlora,5C:85:7E:B0:87:05,3.3.6,0,230,0,26.3
2023-07-18 11:28:03,086,WhiteMiFlora,5C:85:7E:B0:87:05,3.3.6,0,230,0,26.3
2023-07-18 11:28:03,086,WhiteMiFlora,5C:85:7E:B0:87:05,3.3.6,0,115,0,26.2
2023-07-18 11:28:04,086,WhiteMiFlora,5C:85:7E:B0:87:05,3.3.6,0,115,0,26.2
2023-07-18 11:28:04,086,WhiteMiFlora,5C:85:7E:B0:87:05,3.3.6,0,115,0,26.2
2023-07-18 11:28:05,086,WhiteMiFlora,5C:85:7E:B0:87:05,3.3.6,0,115,0,26.2
2023-07-18 11:28:05,086,WhiteMiFlora,5C:85:7E:B0:87:05,3.3.6,0,115,0,26.3
2023-07-18 11:28:06,086,WhiteMiFlora,5C:85:7E:B0:87:05,3.3.6,0,115,0,26.3
2023-07-18 11:28:06,086,WhiteMiFlora,5C:85:7E:B0:87:05,3.3.6,0,115,0,26.2
2023-07-18 11:28:07,086,WhiteMiFlora,5C:85:7E:B0:87:05,3.3.6,0,115,0,26.2
2023-07-18 11:28:08,086,WhiteMiFlora,5C:85:7E:B0:87:05,3.3.6,0,115,0,26.2
2023-07-18 11:28:09,086,WhiteMiFlora,5C:85:7E:B0:87:05,3.3.6,0,115,0,26.3
2023-07-18 11:28:14,100,GreenMiFlora,C4:7C:8D:6B:88:2E,3.3.5,0,115,1,26.7
2023-07-18 11:28:14,100,GreenMiFlora,C4:7C:8D:6B:88:2E,3.3.5,0,115,1,26.7
2023-07-18 11:28:15,100,GreenMiFlora,C4:7C:8D:6B:88:2E,3.3.5,0,0,1,26.6
2023-07-18 11:28:15,100,GreenMiFlora,C4:7C:8D:6B:88:2E,3.3.5,0,0,1,26.6
2023-07-18 11:28:16,100,GreenMiFlora,C4:7C:8D:6B:88:2E,3.3.5,0,14,1,26.6
2023-07-18 11:28:16,100,GreenMiFlora,C4:7C:8D:6B:88:2E,3.3.5,0,14,1,26.6
2023-07-18 11:28:17,100,GreenMiFlora,C4:7C:8D:6B:88:2E,3.3.5,0,14,1,26.6
2023-07-18 11:28:17,100,GreenMiFlora,C4:7C:8D:6B:88:2E,3.3.5,0,14,1,26.6
2023-07-18 11:28:18,100,GreenMiFlora,C4:7C:8D:6B:88:2E,3.3.5,0,14,1,26.6
2023-07-18 11:28:18,100,GreenMiFlora,C4:7C:8D:6B:88:2E,3.3.5,0,14,1,26.6
2023-07-18 11:28:19,100,GreenMiFlora,C4:7C:8D:6B:88:2E,3.3.5,0,14,1,26.6
2023-07-18 11:28:20,100,GreenMiFlora,C4:7C:8D:6B:88:2E,3.3.5,0,0,1,26.6
2023-07-18 11:28:20,100,GreenMiFlora,C4:7C:8D:6B:88:2E,3.3.5,0,0,1,26.6
2023-07-18 11:28:21,100,GreenMiFlora,C4:7C:8D:6B:88:2E,3.3.5,0,0,1,26.6
2023-07-18 11:28:24,086,WhiteMiFlora,5C:85:7E:B0:87:05,3.3.6,0,266,0,26.3
2023-07-18 11:28:25,086,WhiteMiFlora,5C:85:7E:B0:87:05,3.3.6,0,266,0,26.3
2023-07-18 11:28:25,086,WhiteMiFlora,5C:85:7E:B0:87:05,3.3.6,0,115,0,26.2
2023-07-18 11:28:26,086,WhiteMiFlora,5C:85:7E:B0:87:05,3.3.6,0,115,0,26.2
2023-07-18 11:28:26,086,WhiteMiFlora,5C:85:7E:B0:87:05,3.3.6,0,115,0,26.2
2023-07-18 11:28:27,086,WhiteMiFlora,5C:85:7E:B0:87:05,3.3.6,0,115,0,26.2
2023-07-18 11:28:27,086,WhiteMiFlora,5C:85:7E:B0:87:05,3.3.6,0,115,0,26.2
2023-07-18 11:28:28,086,WhiteMiFlora,5C:85:7E:B0:87:05,3.3.6,0,115,0,26.2
2023-07-18 11:28:28,086,WhiteMiFlora,5C:85:7E:B0:87:05,3.3.6,0,115,0,26.2
2023-07-18 11:28:29,086,WhiteMiFlora,5C:85:7E:B0:87:05,3.3.6,0,115,0,26.2
2023-07-18 11:28:30,086,WhiteMiFlora,5C:85:7E:B0:87:05,3.3.6,0,115,0,26.3
2023-07-18 11:28:30,086,WhiteMiFlora,5C:85:7E:B0:87:05,3.3.6,0,143,0,26.3
2023-07-18 11:28:31,086,WhiteMiFlora,5C:85:7E:B0:87:05,3.3.6,0,143,0,26.3
2023-07-18 11:28:31,086,WhiteMiFlora,5C:85:7E:B0:87:05,3.3.6,0,115,0,26.3
