Timestamp, Temperature[°C], Humidity[%]
2023_07_04_11_37_11, 23.84, 60.79
2023_07_04_11_37_13, 23.84, 60.80
2023_07_04_11_37_15, 23.84, 60.80
2023_07_04_11_37_17, 23.87, 60.83
2023_07_04_11_37_19, 23.87, 60.78
2023_07_04_11_37_21, 23.84, 60.76
2023_07_04_11_37_23, 23.88, 60.74
2023_07_04_11_37_25, 23.87, 60.76
2023_07_04_11_37_27, 23.85, 60.78
2023_07_04_11_37_29, 23.84, 60.75
2023_07_04_11_37_31, 23.85, 60.78
2023_07_04_11_37_34, 23.85, 60.79
2023_07_04_11_37_36, 23.85, 60.75
2023_07_04_11_37_38, 23.87, 60.79
2023_07_04_11_37_40, 23.88, 60.81
2023_07_04_11_37_42, 23.90, 60.76
2023_07_04_11_37_44, 23.87, 60.74
2023_07_04_11_37_46, 23.88, 60.72
2023_07_04_11_37_48, 23.85, 60.74
2023_07_04_11_37_50, 23.88, 60.70
2023_07_04_11_37_52, 23.85, 60.73
2023_07_04_11_37_54, 23.85, 60.74
2023_07_04_11_37_56, 23.84, 60.77
2023_07_04_11_37_58, 23.84, 60.78
2023_07_04_11_38_00, 23.85, 60.80
2023_07_04_11_38_02, 23.84, 60.80
2023_07_04_11_38_04, 23.84, 60.89
2023_07_04_11_38_06, 23.84, 61.00
2023_07_04_11_38_08, 23.85, 61.20
2023_07_04_11_38_10, 23.87, 61.23
2023_07_04_11_38_12, 23.84, 61.10
2023_07_04_11_38_14, 23.87, 60.98
2023_07_04_11_38_16, 23.87, 60.86
2023_07_04_11_38_18, 23.91, 60.87
2023_07_04_11_38_20, 23.88, 60.81
2023_07_04_11_38_22, 23.87, 60.78
2023_07_04_11_38_24, 23.90, 60.73
2023_07_04_11_38_26, 23.91, 60.72
2023_07_04_11_38_28, 23.91, 60.74
2023_07_04_11_38_30, 23.91, 60.75
2023_07_04_11_38_32, 23.93, 60.69
2023_07_04_11_38_34, 23.94, 60.66
2023_07_04_11_38_36, 23.94, 60.62
2023_07_04_11_38_38, 23.94, 60.67
2023_07_04_11_38_40, 23.93, 60.76
2023_07_04_11_38_42, 23.93, 60.88
2023_07_04_11_38_44, 23.93, 60.86
2023_07_04_11_38_46, 23.93, 60.86
2023_07_04_11_38_48, 23.94, 60.93
2023_07_04_11_38_50, 23.94, 60.95
2023_07_04_11_38_52, 23.94, 60.98
2023_07_04_11_38_54, 23.94, 60.90
2023_07_04_11_38_57, 23.97, 60.80
2023_07_04_11_38_59, 23.95, 60.70
2023_07_04_11_39_01, 23.94, 60.66
2023_07_04_11_39_03, 23.93, 60.71
2023_07_04_11_39_05, 23.93, 60.76
2023_07_04_11_39_07, 23.94, 60.75
2023_07_04_11_39_09, 23.93, 60.71
2023_07_04_11_39_11, 23.90, 60.68
2023_07_04_11_39_13, 23.90, 60.66
2023_07_04_11_39_15, 23.94, 60.65
2023_07_04_11_39_17, 23.94, 60.62
2023_07_04_11_39_19, 23.93, 60.82
2023_07_04_11_39_21, 23.93, 60.83
2023_07_04_11_39_23, 23.94, 60.74
2023_07_04_11_39_25, 23.95, 60.72
2023_07_04_11_39_27, 23.95, 60.65
2023_07_04_11_39_29, 23.97, 60.65
2023_07_04_11_39_31, 23.97, 60.68
2023_07_04_11_39_33, 23.98, 60.65
2023_07_04_11_39_35, 24.00, 60.65
2023_07_04_11_39_37, 23.98, 60.63
2023_07_04_11_39_39, 24.05, 60.60
2023_07_04_11_39_41, 24.08, 60.57
2023_07_04_11_39_43, 24.10, 60.46
2023_07_04_11_39_45, 24.14, 60.29
2023_07_04_11_39_47, 24.21, 60.29
2023_07_04_11_39_49, 24.27, 60.13
2023_07_04_11_39_51, 24.31, 59.99
2023_07_04_11_39_53, 24.36, 59.87
2023_07_04_11_39_55, 24.39, 59.71
2023_07_04_11_39_57, 24.38, 59.55
2023_07_04_11_39_59, 24.38, 59.47
2023_07_04_11_40_01, 24.35, 59.44
2023_07_04_11_40_03, 24.32, 59.41
2023_07_04_11_40_05, 24.32, 59.44
2023_07_04_11_40_07, 24.35, 59.44
2023_07_04_11_40_09, 24.32, 59.53
2023_07_04_11_40_11, 24.31, 59.68
2023_07_04_11_40_13, 24.28, 59.66
2023_07_04_11_40_15, 24.23, 59.81
2023_07_04_11_40_17, 24.23, 59.96
2023_07_04_11_40_19, 24.20, 60.30
2023_07_04_11_40_22, 24.17, 60.41
2023_07_04_11_40_24, 24.15, 60.33
2023_07_04_11_40_26, 24.15, 60.32
2023_07_04_11_40_28, 24.14, 60.27
2023_07_04_11_40_30, 24.11, 60.23
2023_07_04_11_40_32, 24.08, 60.15
2023_07_04_11_40_34, 24.10, 60.16
2023_07_04_11_40_36, 24.05, 60.24
2023_07_04_11_40_38, 24.04, 60.26
2023_07_04_11_40_40, 24.01, 60.46
2023_07_04_11_40_42, 24.03, 60.48
2023_07_04_11_40_44, 24.04, 60.47
2023_07_04_11_40_46, 23.97, 60.46
2023_07_04_11_40_48, 23.95, 60.67
2023_07_04_11_40_50, 23.97, 60.71
2023_07_04_11_40_52, 23.94, 60.66
2023_07_04_11_40_54, 23.97, 60.78
2023_07_04_11_40_56, 23.93, 60.91
2023_07_04_11_40_58, 23.91, 60.98
2023_07_04_11_41_00, 23.88, 61.02
2023_07_04_11_41_02, 23.87, 61.03
2023_07_04_11_41_04, 23.88, 61.04
2023_07_04_11_41_06, 23.90, 60.92
2023_07_04_11_41_08, 23.87, 60.89
2023_07_04_11_41_10, 23.87, 60.87
2023_07_04_11_41_12, 23.88, 60.82
2023_07_04_11_41_14, 23.90, 60.82
2023_07_04_11_41_16, 23.91, 60.77
2023_07_04_11_41_18, 23.91, 60.73
2023_07_04_11_41_20, 23.91, 60.66
2023_07_04_11_41_22, 23.94, 60.69
2023_07_04_11_41_24, 23.93, 60.75
2023_07_04_11_41_26, 23.93, 60.74
2023_07_04_11_41_28, 23.90, 60.79
2023_07_04_11_41_30, 23.88, 60.80
2023_07_04_11_41_32, 23.93, 60.75
2023_07_04_11_41_34, 23.91, 60.69
2023_07_04_11_41_36, 23.91, 60.90
2023_07_04_11_41_39, 23.88, 60.89
2023_07_04_11_41_41, 23.87, 60.97
2023_07_04_11_41_43, 23.87, 61.17
2023_07_04_11_41_45, 23.90, 61.24
2023_07_04_11_41_47, 23.93, 61.22
2023_07_04_11_41_49, 23.91, 61.11
2023_07_04_11_41_51, 23.91, 61.01
2023_07_04_11_41_53, 23.90, 61.04
2023_07_04_11_41_55, 23.90, 61.13
2023_07_04_11_41_57, 23.91, 61.12
2023_07_04_11_41_59, 23.94, 61.07
2023_07_04_11_42_01, 23.94, 61.01
2023_07_04_11_42_03, 23.94, 61.07
2023_07_04_11_42_05, 23.95, 61.00
2023_07_04_11_42_07, 23.95, 60.85
2023_07_04_11_42_09, 24.00, 60.83
2023_07_04_11_42_11, 24.04, 60.75
2023_07_04_11_42_13, 24.04, 60.61
2023_07_04_11_42_15, 24.07, 60.54
2023_07_04_11_42_17, 24.13, 60.50
2023_07_04_11_42_19, 24.20, 60.39
2023_07_04_11_42_21, 24.21, 60.25
2023_07_04_11_42_23, 24.27, 60.15
2023_07_04_11_42_25, 24.31, 59.99
2023_07_04_11_42_27, 24.34, 59.91
2023_07_04_11_42_29, 24.35, 59.85
2023_07_04_11_42_31, 24.35, 59.74
2023_07_04_11_42_33, 24.31, 59.87
2023_07_04_11_42_35, 24.32, 59.84
2023_07_04_11_42_37, 24.30, 59.73
2023_07_04_11_42_39, 24.31, 59.76
2023_07_04_11_42_41, 24.34, 59.69
2023_07_04_11_42_43, 24.34, 59.67
2023_07_04_11_42_45, 24.34, 59.71
2023_07_04_11_42_47, 24.35, 59.75
2023_07_04_11_42_49, 24.36, 59.97
2023_07_04_11_42_51, 24.35, 60.16
2023_07_04_11_42_53, 24.35, 60.16
2023_07_04_11_42_55, 24.34, 60.13
2023_07_04_11_42_57, 24.34, 59.91
2023_07_04_11_42_59, 24.32, 59.75
2023_07_04_11_43_01, 24.30, 59.69
2023_07_04_11_43_04, 24.27, 59.61
2023_07_04_11_43_06, 24.28, 59.65
2023_07_04_11_43_08, 24.25, 59.76
2023_07_04_11_43_10, 24.27, 60.07
2023_07_04_11_43_12, 24.27, 60.24
2023_07_04_11_43_14, 24.27, 60.18
2023_07_04_11_43_16, 24.28, 60.18
2023_07_04_11_43_18, 24.28, 60.06
2023_07_04_11_43_20, 24.25, 59.93
2023_07_04_11_43_22, 24.25, 59.90
2023_07_04_11_43_24, 24.24, 59.85
2023_07_04_11_43_26, 24.25, 59.86
2023_07_04_11_43_28, 24.23, 59.83
2023_07_04_11_43_30, 24.20, 59.81
2023_07_04_11_43_32, 24.17, 59.79
2023_07_04_11_43_34, 24.18, 59.86
2023_07_04_11_43_36, 24.17, 59.89
2023_07_04_11_43_38, 24.17, 59.91
2023_07_04_11_43_40, 24.17, 59.91
2023_07_04_11_43_42, 24.13, 59.97
2023_07_04_11_43_44, 24.14, 60.02
2023_07_04_11_43_46, 24.14, 60.07
2023_07_04_11_43_48, 24.13, 60.07
2023_07_04_11_43_50, 24.13, 60.08
2023_07_04_11_43_52, 24.13, 60.11
2023_07_04_11_43_54, 24.14, 60.20
2023_07_04_11_43_56, 24.13, 60.13
2023_07_04_11_43_58, 24.11, 60.12
2023_07_04_11_44_00, 24.14, 60.39
2023_07_04_11_44_02, 24.14, 60.70
2023_07_04_11_44_04, 24.11, 60.53
2023_07_04_11_44_06, 24.10, 60.40
2023_07_04_11_44_08, 24.10, 60.33
2023_07_04_11_44_10, 24.08, 60.26
2023_07_04_11_44_12, 24.11, 60.22
2023_07_04_11_44_14, 24.08, 60.21
2023_07_04_11_44_16, 24.11, 60.29
2023_07_04_11_44_18, 24.10, 60.24
2023_07_04_11_44_21, 24.11, 60.24
2023_07_04_11_44_23, 24.11, 60.26
2023_07_04_11_44_25, 24.10, 60.24
2023_07_04_11_44_27, 24.07, 60.19
2023_07_04_11_44_29, 24.07, 60.28
2023_07_04_11_44_31, 24.04, 60.30
2023_07_04_11_44_33, 24.03, 60.31
2023_07_04_11_44_35, 24.00, 60.37
2023_07_04_11_44_37, 23.97, 60.40
2023_07_04_11_44_39, 23.97, 60.46
2023_07_04_11_44_41, 23.98, 60.50
2023_07_04_11_44_43, 24.01, 60.52
2023_07_04_11_44_45, 24.01, 60.53
2023_07_04_11_44_47, 24.03, 60.46
2023_07_04_11_44_49, 24.03, 60.48
2023_07_04_11_44_51, 24.04, 60.46
2023_07_04_11_44_53, 24.03, 60.52
2023_07_04_11_44_55, 24.04, 60.56
2023_07_04_11_44_57, 24.07, 60.69
2023_07_04_11_44_59, 24.15, 60.66
2023_07_04_11_45_01, 24.18, 60.51
2023_07_04_11_45_03, 24.24, 60.42
2023_07_04_11_45_05, 24.30, 60.27
2023_07_04_11_45_07, 24.34, 60.07
2023_07_04_11_45_09, 24.35, 59.90
2023_07_04_11_45_11, 24.35, 59.77
2023_07_04_11_45_13, 24.36, 59.59
2023_07_04_11_45_15, 24.34, 59.66
2023_07_04_11_45_17, 24.31, 59.66
2023_07_04_11_45_19, 24.30, 59.65
2023_07_04_11_45_21, 24.25, 59.66
2023_07_04_11_45_23, 24.24, 59.63
2023_07_04_11_45_25, 24.21, 59.67
2023_07_04_11_45_27, 24.17, 59.68
2023_07_04_11_45_29, 24.13, 59.76
2023_07_04_11_45_31, 24.11, 59.83
2023_07_04_11_45_33, 24.08, 59.86
2023_07_04_11_45_35, 24.07, 59.95
2023_07_04_11_45_37, 24.05, 60.01
2023_07_04_11_45_39, 24.03, 60.11
2023_07_04_11_45_41, 24.04, 60.12
2023_07_04_11_45_43, 24.04, 60.30
2023_07_04_11_45_45, 24.00, 60.44
2023_07_04_11_45_47, 24.00, 60.47
2023_07_04_11_45_49, 23.97, 60.45
2023_07_04_11_45_51, 23.97, 60.44
2023_07_04_11_45_54, 23.95, 60.44
2023_07_04_11_45_56, 23.93, 60.54
2023_07_04_11_45_58, 23.88, 60.61
2023_07_04_11_46_00, 23.87, 60.64
2023_07_04_11_46_02, 23.87, 60.64
2023_07_04_11_46_04, 23.84, 60.67
2023_07_04_11_46_06, 23.84, 60.69
2023_07_04_11_46_08, 23.85, 60.73
2023_07_04_11_46_10, 23.87, 60.71
2023_07_04_11_46_12, 23.87, 60.73
2023_07_04_11_46_14, 23.88, 60.73
2023_07_04_11_46_16, 23.87, 60.71
2023_07_04_11_46_18, 23.87, 60.74
2023_07_04_11_46_20, 23.85, 60.96
2023_07_04_11_46_22, 23.88, 61.24
2023_07_04_11_46_24, 23.87, 61.37
2023_07_04_11_46_26, 23.88, 61.38
2023_07_04_11_46_28, 23.94, 61.48
2023_07_04_11_46_30, 23.94, 61.48
2023_07_04_11_46_32, 24.00, 61.38
2023_07_04_11_46_34, 24.01, 61.10
2023_07_04_11_46_36, 24.03, 60.87
2023_07_04_11_46_38, 24.03, 60.72
2023_07_04_11_46_40, 24.04, 60.54
2023_07_04_11_46_42, 24.05, 60.45
2023_07_04_11_46_44, 24.05, 60.46
2023_07_04_11_46_46, 24.05, 60.50
2023_07_04_11_46_48, 24.04, 60.64
2023_07_04_11_46_50, 24.08, 60.63
2023_07_04_11_46_52, 24.07, 60.51
2023_07_04_11_46_54, 24.05, 60.49
2023_07_04_11_46_56, 24.04, 60.47
2023_07_04_11_46_58, 24.03, 60.42
2023_07_04_11_47_00, 24.01, 60.35
2023_07_04_11_47_02, 23.98, 60.47
2023_07_04_11_47_04, 23.95, 60.59
2023_07_04_11_47_06, 23.97, 60.63
2023_07_04_11_47_08, 23.98, 60.65
2023_07_04_11_47_10, 24.00, 60.59
2023_07_04_11_47_12, 24.00, 60.54
2023_07_04_11_47_15, 24.01, 60.49
2023_07_04_11_47_17, 24.04, 60.44
2023_07_04_11_47_19, 24.05, 60.39
2023_07_04_11_47_21, 24.05, 60.33
2023_07_04_11_47_23, 24.05, 60.31
2023_07_04_11_47_25, 24.05, 60.39
2023_07_04_11_47_27, 24.05, 60.32
2023_07_04_11_47_29, 24.03, 60.27
2023_07_04_11_47_31, 24.04, 60.25
2023_07_04_11_47_33, 24.05, 60.22
2023_07_04_11_47_35, 24.04, 60.25
2023_07_04_11_47_37, 24.05, 60.24
2023_07_04_11_47_39, 24.13, 60.21
2023_07_04_11_47_41, 24.08, 60.21
2023_07_04_11_47_43, 24.08, 60.21
2023_07_04_11_47_45, 24.10, 60.16
2023_07_04_11_47_47, 24.10, 60.16
2023_07_04_11_47_49, 24.11, 60.11
2023_07_04_11_47_51, 24.13, 60.16
2023_07_04_11_47_53, 24.14, 60.15
2023_07_04_11_47_55, 24.17, 60.05
2023_07_04_11_47_57, 24.18, 60.01
2023_07_04_11_47_59, 24.18, 59.97
2023_07_04_11_48_01, 24.17, 59.93
2023_07_04_11_48_03, 24.17, 59.99
2023_07_04_11_48_05, 24.17, 60.08
2023_07_04_11_48_07, 24.15, 60.03
2023_07_04_11_48_09, 24.14, 60.00
2023_07_04_11_48_11, 24.13, 59.96
2023_07_04_11_48_13, 24.14, 60.00
2023_07_04_11_48_15, 24.15, 60.04
2023_07_04_11_48_17, 24.17, 60.02
2023_07_04_11_48_19, 24.11, 59.96
2023_07_04_11_48_21, 24.10, 59.97
2023_07_04_11_48_23, 24.13, 59.95
2023_07_04_11_48_25, 24.10, 59.94
2023_07_04_11_48_27, 24.11, 60.01
2023_07_04_11_48_30, 24.11, 60.02
2023_07_04_11_48_32, 24.10, 60.05
2023_07_04_11_48_34, 24.11, 60.09
2023_07_04_11_48_36, 24.08, 60.09
2023_07_04_11_48_38, 24.08, 60.19
2023_07_04_11_48_40, 24.10, 60.46
2023_07_04_11_48_42, 24.10, 60.61
2023_07_04_11_48_44, 24.11, 60.55
2023_07_04_11_48_46, 24.11, 60.55
2023_07_04_11_48_48, 24.14, 60.45
2023_07_04_11_48_50, 24.11, 60.36
2023_07_04_11_48_52, 24.10, 60.29
2023_07_04_11_48_54, 24.11, 60.18
2023_07_04_11_48_56, 24.11, 60.11
2023_07_04_11_48_58, 24.11, 60.10
2023_07_04_11_49_00, 24.10, 60.10
2023_07_04_11_49_02, 24.10, 60.06
2023_07_04_11_49_04, 24.10, 60.05
2023_07_04_11_49_06, 24.05, 60.08
2023_07_04_11_49_08, 24.07, 60.07
2023_07_04_11_49_10, 24.08, 60.11
2023_07_04_11_49_12, 24.04, 60.07
2023_07_04_11_49_14, 24.04, 60.09
2023_07_04_11_49_16, 24.03, 60.11
2023_07_04_11_49_18, 24.03, 60.16
2023_07_04_11_49_20, 24.04, 60.25
2023_07_04_11_49_22, 24.03, 60.31
2023_07_04_11_49_24, 24.07, 60.27
2023_07_04_11_49_26, 24.13, 60.24
2023_07_04_11_49_28, 24.10, 60.13
2023_07_04_11_49_30, 24.11, 60.10
2023_07_04_11_49_32, 24.11, 60.03
2023_07_04_11_49_34, 24.14, 59.98
2023_07_04_11_49_36, 24.11, 59.96
2023_07_04_11_49_38, 24.08, 59.93
2023_07_04_11_49_40, 24.07, 59.99
2023_07_04_11_49_42, 24.07, 60.02
2023_07_04_11_49_44, 24.07, 60.07
2023_07_04_11_49_46, 24.05, 60.15
2023_07_04_11_49_48, 24.01, 60.13
2023_07_04_11_49_51, 24.01, 60.13
2023_07_04_11_49_53, 23.98, 60.16
2023_07_04_11_49_55, 23.98, 60.56
2023_07_04_11_49_57, 23.98, 60.57
2023_07_04_11_49_59, 23.97, 60.51
2023_07_04_11_50_01, 24.00, 60.44
2023_07_04_11_50_03, 24.00, 60.43
2023_07_04_11_50_05, 23.98, 60.36
2023_07_04_11_50_07, 24.01, 60.39
2023_07_04_11_50_09, 24.01, 60.60
2023_07_04_11_50_11, 24.04, 60.56
2023_07_04_11_50_13, 24.04, 60.70
2023_07_04_11_50_15, 24.05, 60.60
2023_07_04_11_50_17, 24.03, 60.45
2023_07_04_11_50_19, 24.01, 60.35
2023_07_04_11_50_21, 24.00, 60.33
2023_07_04_11_50_23, 24.01, 60.27
2023_07_04_11_50_25, 23.98, 60.28
2023_07_04_11_50_27, 23.98, 60.29
2023_07_04_11_50_29, 24.00, 60.29
2023_07_04_11_50_31, 23.95, 60.29
2023_07_04_11_50_33, 23.91, 60.33
2023_07_04_11_50_35, 23.93, 60.41
2023_07_04_11_50_37, 23.93, 60.45
2023_07_04_11_50_39, 23.94, 60.48
2023_07_04_11_50_41, 24.00, 60.52
2023_07_04_11_50_43, 24.00, 60.55
2023_07_04_11_50_45, 23.97, 60.52
2023_07_04_11_50_47, 23.97, 60.46
2023_07_04_11_50_49, 23.94, 60.46
2023_07_04_11_50_51, 23.94, 60.48
2023_07_04_11_50_53, 23.95, 60.58
2023_07_04_11_50_55, 23.94, 60.66
2023_07_04_11_50_57, 23.94, 60.64
2023_07_04_11_50_59, 23.97, 60.59
2023_07_04_11_51_01, 23.94, 60.54
2023_07_04_11_51_03, 23.94, 60.49
2023_07_04_11_51_05, 23.97, 60.54
2023_07_04_11_51_07, 23.94, 60.70
2023_07_04_11_51_09, 23.94, 60.62
2023_07_04_11_51_11, 23.91, 60.57
2023_07_04_11_51_13, 23.91, 60.61
2023_07_04_11_51_16, 23.87, 60.70
2023_07_04_11_51_18, 23.87, 60.66
2023_07_04_11_51_20, 23.87, 60.61
2023_07_04_11_51_22, 23.87, 60.63
2023_07_04_11_51_24, 23.87, 60.64
2023_07_04_11_51_26, 23.93, 60.75
2023_07_04_11_51_28, 23.90, 60.76
2023_07_04_11_51_30, 23.90, 60.72
2023_07_04_11_51_32, 23.90, 60.65
2023_07_04_11_51_34, 23.90, 60.67
2023_07_04_11_51_36, 23.85, 60.65
2023_07_04_11_51_38, 23.88, 60.69
2023_07_04_11_51_40, 23.88, 60.74
2023_07_04_11_51_42, 23.90, 60.76
2023_07_04_11_51_44, 23.88, 60.77
2023_07_04_11_51_46, 23.85, 60.88
2023_07_04_11_51_49, 23.87, 60.99
2023_07_04_11_51_51, 23.87, 60.97
2023_07_04_11_51_53, 23.85, 60.94
2023_07_04_11_51_55, 23.84, 60.87
2023_07_04_11_51_57, 23.84, 60.83
2023_07_04_11_51_59, 23.84, 60.79
2023_07_04_11_52_01, 23.81, 60.82
2023_07_04_11_52_03, 23.84, 60.87
2023_07_04_11_52_05, 23.84, 60.93
2023_07_04_11_52_07, 23.85, 60.88
2023_07_04_11_52_09, 23.85, 60.86
2023_07_04_11_52_11, 23.83, 60.82
2023_07_04_11_52_13, 23.84, 60.79
2023_07_04_11_52_15, 23.84, 60.78
2023_07_04_11_52_17, 23.83, 60.72
2023_07_04_11_52_19, 23.85, 60.77
2023_07_04_11_52_21, 23.87, 60.74
2023_07_04_11_52_23, 23.87, 60.73
2023_07_04_11_52_25, 23.84, 60.72
2023_07_04_11_52_27, 23.84, 60.75
2023_07_04_11_52_29, 23.85, 60.79
2023_07_04_11_52_31, 23.84, 60.87
2023_07_04_11_52_33, 23.81, 61.07
2023_07_04_11_52_35, 23.87, 61.12
2023_07_04_11_52_37, 23.85, 61.12
2023_07_04_11_52_39, 23.87, 60.98
2023_07_04_11_52_41, 23.88, 60.92
2023_07_04_11_52_43, 23.87, 60.79
2023_07_04_11_52_46, 23.88, 60.78
2023_07_04_11_52_48, 23.84, 60.74
2023_07_04_11_52_50, 23.85, 60.73
2023_07_04_11_52_52, 23.84, 60.75
2023_07_04_11_52_54, 23.80, 60.91
2023_07_04_11_52_56, 23.78, 61.13
2023_07_04_11_52_58, 23.83, 61.07
2023_07_04_11_53_00, 23.83, 61.04
2023_07_04_11_53_02, 23.80, 60.99
2023_07_04_11_53_04, 23.78, 60.97
2023_07_04_11_53_06, 23.81, 61.01
2023_07_04_11_53_08, 23.81, 60.99
2023_07_04_11_53_10, 23.81, 60.99
2023_07_04_11_53_12, 23.84, 60.98
2023_07_04_11_53_14, 23.85, 60.89
2023_07_04_11_53_16, 23.90, 60.82
2023_07_04_11_53_18, 23.90, 60.73
2023_07_04_11_53_20, 23.90, 60.69
2023_07_04_11_53_22, 23.93, 60.62
2023_07_04_11_53_24, 23.87, 60.61
2023_07_04_11_53_26, 23.90, 60.58
2023_07_04_11_53_28, 23.88, 60.56
2023_07_04_11_53_30, 23.93, 60.58
2023_07_04_11_53_32, 23.94, 60.56
2023_07_04_11_53_34, 23.90, 60.77
2023_07_04_11_53_36, 23.94, 60.70
2023_07_04_11_53_38, 23.97, 60.75
2023_07_04_11_53_40, 23.95, 60.85
2023_07_04_11_53_42, 23.97, 60.82
2023_07_04_11_53_44, 23.98, 61.00
2023_07_04_11_53_46, 23.97, 60.74
2023_07_04_11_53_48, 23.97, 60.61
2023_07_04_11_53_50, 23.97, 60.51
2023_07_04_11_53_52, 23.97, 60.54
2023_07_04_11_53_54, 23.94, 60.47
2023_07_04_11_53_56, 23.95, 60.46
2023_07_04_11_53_59, 23.95, 60.46
2023_07_04_11_54_01, 23.97, 60.43
2023_07_04_11_54_03, 23.95, 60.41
2023_07_04_11_54_05, 23.97, 60.44
2023_07_04_11_54_07, 23.97, 60.43
2023_07_04_11_54_09, 23.94, 60.49
2023_07_04_11_54_11, 23.95, 60.50
2023_07_04_11_54_13, 23.91, 60.54
2023_07_04_11_54_15, 23.94, 60.60
2023_07_04_11_54_17, 23.93, 60.64
2023_07_04_11_54_19, 23.98, 60.63
2023_07_04_11_54_21, 23.94, 60.66
2023_07_04_11_54_23, 23.94, 60.72
2023_07_04_11_54_25, 23.95, 60.79
2023_07_04_11_54_27, 23.97, 60.99
2023_07_04_11_54_29, 23.98, 61.24
2023_07_04_11_54_31, 24.00, 61.10
2023_07_04_11_54_33, 23.97, 60.89
2023_07_04_11_54_35, 23.98, 60.75
2023_07_04_11_54_37, 23.97, 60.64
2023_07_04_11_54_39, 23.93, 60.53
2023_07_04_11_54_41, 23.94, 60.47
2023_07_04_11_54_43, 23.94, 60.50
2023_07_04_11_54_45, 23.93, 60.45
2023_07_04_11_54_47, 23.95, 60.50
2023_07_04_11_54_49, 23.98, 60.54
2023_07_04_11_54_51, 23.97, 60.57
2023_07_04_11_54_53, 23.98, 60.58
2023_07_04_11_54_55, 23.97, 60.48
2023_07_04_11_54_57, 23.95, 60.46
2023_07_04_11_54_59, 23.95, 60.45
2023_07_04_11_55_01, 23.94, 60.41
2023_07_04_11_55_03, 23.95, 60.41
2023_07_04_11_55_05, 23.91, 60.47
2023_07_04_11_55_07, 23.93, 60.45
2023_07_04_11_55_09, 23.90, 60.52
2023_07_04_11_55_11, 23.91, 60.53
2023_07_04_11_55_13, 23.90, 60.53
2023_07_04_11_55_15, 23.90, 60.53
2023_07_04_11_55_17, 23.90, 60.56
2023_07_04_11_55_19, 23.88, 60.68
2023_07_04_11_55_22, 23.90, 60.66
2023_07_04_11_55_24, 23.91, 60.63
2023_07_04_11_55_26, 23.88, 60.58
2023_07_04_11_55_28, 23.90, 60.63
2023_07_04_11_55_30, 23.90, 60.71
2023_07_04_11_55_32, 23.90, 60.78
2023_07_04_11_55_34, 23.88, 60.86
2023_07_04_11_55_36, 23.88, 60.95
2023_07_04_11_55_38, 23.88, 61.13
2023_07_04_11_55_40, 23.88, 61.14
2023_07_04_11_55_42, 23.90, 61.10
2023_07_04_11_55_44, 23.88, 60.92
2023_07_04_11_55_46, 23.91, 60.79
2023_07_04_11_55_48, 23.91, 60.70
2023_07_04_11_55_50, 23.95, 60.67
2023_07_04_11_55_52, 23.95, 60.62
2023_07_04_11_55_54, 23.98, 60.57
2023_07_04_11_55_56, 24.01, 60.48
2023_07_04_11_55_58, 24.04, 60.44
2023_07_04_11_56_00, 24.03, 60.31
2023_07_04_11_56_02, 24.01, 60.30
2023_07_04_11_56_04, 24.01, 60.23
2023_07_04_11_56_06, 24.00, 60.28
2023_07_04_11_56_08, 24.03, 60.32
2023_07_04_11_56_10, 24.03, 60.32
2023_07_04_11_56_12, 24.03, 60.29
2023_07_04_11_56_14, 24.01, 60.28
2023_07_04_11_56_16, 24.01, 60.28
2023_07_04_11_56_18, 24.01, 60.26
2023_07_04_11_56_20, 24.01, 60.35
2023_07_04_11_56_22, 24.03, 60.44
2023_07_04_11_56_24, 24.01, 60.47
2023_07_04_11_56_26, 24.01, 60.61
2023_07_04_11_56_28, 24.01, 60.52
2023_07_04_11_56_30, 24.04, 60.55
2023_07_04_11_56_32, 24.04, 60.51
2023_07_04_11_56_34, 24.07, 60.47
2023_07_04_11_56_36, 24.08, 60.54
2023_07_04_11_56_38, 24.05, 60.62
2023_07_04_11_56_41, 24.07, 60.60
2023_07_04_11_56_43, 24.07, 60.45
2023_07_04_11_56_45, 24.11, 60.36
2023_07_04_11_56_47, 24.13, 60.39
2023_07_04_11_56_49, 24.14, 60.32
2023_07_04_11_56_51, 24.15, 60.42
2023_07_04_11_56_53, 24.15, 60.31
2023_07_04_11_56_55, 24.17, 60.12
2023_07_04_11_56_57, 24.17, 60.05
2023_07_04_11_56_59, 24.15, 59.90
2023_07_04_11_57_01, 24.17, 59.90
2023_07_04_11_57_03, 24.18, 59.87
2023_07_04_11_57_05, 24.20, 59.76
2023_07_04_11_57_07, 24.17, 59.85
2023_07_04_11_57_09, 24.17, 59.83
2023_07_04_11_57_11, 24.13, 59.80
2023_07_04_11_57_13, 24.10, 59.82
2023_07_04_11_57_15, 24.13, 59.83
2023_07_04_11_57_17, 24.11, 59.90
2023_07_04_11_57_19, 24.13, 59.89
2023_07_04_11_57_21, 24.11, 59.89
2023_07_04_11_57_23, 24.11, 59.91
2023_07_04_11_57_25, 24.11, 59.90
2023_07_04_11_57_27, 24.11, 59.90
2023_07_04_11_57_29, 24.05, 59.93
2023_07_04_11_57_31, 24.05, 59.96
2023_07_04_11_57_33, 24.04, 59.99
2023_07_04_11_57_35, 24.05, 60.02
2023_07_04_11_57_37, 24.05, 60.03
2023_07_04_11_57_39, 24.03, 59.98
2023_07_04_11_57_41, 24.04, 60.03
2023_07_04_11_57_43, 24.03, 60.13
2023_07_04_11_57_45, 24.04, 60.12
2023_07_04_11_57_47, 24.04, 60.11
2023_07_04_11_57_49, 24.04, 60.07
2023_07_04_11_57_51, 24.03, 60.09
2023_07_04_11_57_53, 24.03, 60.14
2023_07_04_11_57_55, 24.01, 60.29
2023_07_04_11_57_58, 24.00, 60.24
2023_07_04_11_58_00, 23.98, 60.18
2023_07_04_11_58_02, 24.00, 60.22
2023_07_04_11_58_04, 24.03, 60.24
2023_07_04_11_58_06, 24.04, 60.22
2023_07_04_11_58_08, 24.05, 60.22
2023_07_04_11_58_10, 24.04, 60.25
2023_07_04_11_58_12, 24.03, 60.23
2023_07_04_11_58_14, 24.05, 60.18
2023_07_04_11_58_16, 24.01, 60.14
2023_07_04_11_58_18, 23.98, 60.11
2023_07_04_11_58_20, 24.01, 60.13
2023_07_04_11_58_22, 24.00, 60.15
2023_07_04_11_58_24, 24.00, 60.25
2023_07_04_11_58_26, 24.01, 60.26
2023_07_04_11_58_28, 24.01, 60.29
2023_07_04_11_58_30, 24.00, 60.18
2023_07_04_11_58_32, 23.95, 60.12
2023_07_04_11_58_34, 23.98, 60.17
2023_07_04_11_58_36, 24.00, 60.19
2023_07_04_11_58_38, 23.95, 60.20
2023_07_04_11_58_40, 24.00, 60.16
2023_07_04_11_58_42, 23.98, 60.20
2023_07_04_11_58_44, 24.03, 60.14
2023_07_04_11_58_46, 24.01, 60.15
2023_07_04_11_58_48, 24.03, 60.14
2023_07_04_11_58_50, 24.04, 60.10
2023_07_04_11_58_52, 24.03, 60.09
2023_07_04_11_58_54, 24.04, 60.03
2023_07_04_11_58_56, 24.00, 60.05
2023_07_04_11_58_58, 24.00, 60.09
2023_07_04_11_59_00, 23.95, 60.24
2023_07_04_11_59_02, 23.97, 60.29
2023_07_04_11_59_04, 23.97, 60.32
2023_07_04_11_59_06, 23.95, 60.30
2023_07_04_11_59_08, 23.98, 60.24
2023_07_04_11_59_10, 23.97, 60.27
2023_07_04_11_59_12, 23.98, 60.28
2023_07_04_11_59_14, 23.98, 60.35
2023_07_04_11_59_16, 23.97, 60.40
2023_07_04_11_59_19, 23.94, 60.42
2023_07_04_11_59_21, 23.94, 60.39
2023_07_04_11_59_23, 23.91, 60.33
2023_07_04_11_59_25, 23.93, 60.32
2023_07_04_11_59_27, 23.93, 60.31
2023_07_04_11_59_29, 23.93, 60.28
2023_07_04_11_59_31, 23.93, 60.28
2023_07_04_11_59_33, 23.91, 60.30
2023_07_04_11_59_35, 23.90, 60.32
2023_07_04_11_59_37, 23.88, 60.33
2023_07_04_11_59_39, 23.91, 60.33
2023_07_04_11_59_41, 23.93, 60.33
2023_07_04_11_59_43, 23.94, 60.34
2023_07_04_11_59_45, 23.97, 60.33
2023_07_04_11_59_47, 23.97, 60.27
2023_07_04_11_59_49, 24.00, 60.24
2023_07_04_11_59_51, 24.03, 60.21
2023_07_04_11_59_53, 24.01, 60.17
2023_07_04_11_59_55, 24.03, 60.21
2023_07_04_11_59_57, 24.03, 60.24
2023_07_04_11_59_59, 24.04, 60.19
2023_07_04_12_00_01, 24.07, 60.14
2023_07_04_12_00_03, 24.10, 60.10
2023_07_04_12_00_05, 24.10, 60.00
2023_07_04_12_00_07, 24.07, 59.98
2023_07_04_12_00_09, 24.04, 59.97
2023_07_04_12_00_11, 24.05, 59.98
2023_07_04_12_00_13, 24.03, 59.97
2023_07_04_12_00_15, 24.04, 59.96
2023_07_04_12_00_17, 24.05, 60.07
2023_07_04_12_00_19, 24.03, 60.11
2023_07_04_12_00_21, 23.98, 60.17
2023_07_04_12_00_23, 24.03, 60.06
2023_07_04_12_00_25, 24.03, 60.05
2023_07_04_12_00_27, 24.07, 60.05
2023_07_04_12_00_29, 24.03, 60.04
2023_07_04_12_00_31, 24.03, 60.35
2023_07_04_12_00_33, 24.01, 60.37
2023_07_04_12_00_35, 23.98, 60.25
2023_07_04_12_00_37, 23.98, 60.25
2023_07_04_12_00_39, 24.01, 60.28
2023_07_04_12_00_42, 24.03, 60.26
2023_07_04_12_00_44, 24.03, 60.26
2023_07_04_12_00_46, 24.00, 60.28
2023_07_04_12_00_48, 24.03, 60.28
2023_07_04_12_00_50, 24.00, 60.32
2023_07_04_12_00_52, 23.98, 60.36
2023_07_04_12_00_54, 23.95, 60.49
2023_07_04_12_00_56, 23.94, 60.39
2023_07_04_12_00_58, 24.00, 60.33
2023_07_04_12_01_00, 24.01, 60.25
2023_07_04_12_01_02, 24.00, 60.21
2023_07_04_12_01_04, 24.03, 60.24
2023_07_04_12_01_06, 24.01, 60.19
2023_07_04_12_01_08, 24.03, 60.19
2023_07_04_12_01_10, 24.04, 60.18
2023_07_04_12_01_12, 24.03, 60.18
2023_07_04_12_01_14, 24.04, 60.19
2023_07_04_12_01_16, 24.03, 60.19
